Name,Type,Score
amd ryzen 9 7950x,desktop,1.0
amd ryzen 9 7950x3d,desktop,0.96544314167909
amd ryzen 9 7900x,desktop,0.7686785661522758
amd ryzen 9 5950x,desktop,0.6756181420148543
amd ryzen 9 3950x,desktop,0.5829472044267161
amd ryzen 9 5900x,desktop,0.5516942664893831
amd ryzen 7 7700x,desktop,0.4993553326080825
amd ryzen 7 7800x3d,desktop,0.4807674228077951
amd ryzen 9 3900xt,desktop,0.45174395960084346
amd ryzen 9 3900x,desktop,0.44943390144647244
amd ryzen 5 7600x,desktop,0.3814617833111729
amd ryzen 7 7840hs,laptop,0.376700646010449
amd ryzen 7 5800x3d,desktop,0.3671515102676713
amd ryzen 5 7600,desktop,0.3643310904280323
amd ryzen 7 5800x,desktop,0.36116819103643716
amd ryzen 7 5700x,desktop,0.35991243267926454
intel core i9-10900k @ 3.70ghz,desktop,0.32820957062465583
intel core i9-11900k @ 3.50ghz,desktop,0.32393193386787006
intel core i9-10850k @ 3.60ghz,desktop,0.3224948628067207
intel core i7-11700k @ 3.60ghz,desktop,0.3155176813462804
intel core i7-11800h @ 2.30ghz,laptop,0.30077091475616796
amd ryzen 7 5700g,desktop,0.29689619511933063
amd ryzen 7 3800x,desktop,0.2938810320050499
amd ryzen 7 3700x,desktop,0.2888109915790322
amd ryzen 5 5600x,desktop,0.27990652322817194
amd ryzen 5 5600,desktop,0.2766361792712572
intel core i7-11700f @ 2.50ghz,desktop,0.2724189800824637
amd ryzen 7 6800h,laptop,0.2711027841572988
amd ryzen 9 5900hx,laptop,0.26869199672294075
intel core i7-10700k @ 3.80ghz,desktop,0.26255422592905975
intel core i7-10700kf @ 3.80ghz,desktop,0.2599822716467223
apple ipad pro 11.0 4th gen (cellular),ios,0.25476449494339015
amd ryzen 7 5800h,laptop,0.2546301892367407
intel core i9-9900kf @ 3.60ghz,desktop,0.2534684448742227
apple ipad pro 12.9 6th gen (wifi),ios,0.25327370159958096
apple ipad pro 12.9 6th gen (cellular),ios,0.25302523604227944
intel core i9-9900k @ 3.60ghz,desktop,0.25270961763165317
apple ipad pro 11.0 4th gen (wifi),ios,0.2496273016640477
intel core i5-12400f,desktop,0.24900949541346012
intel core i5-12400,desktop,0.24837825859220758
amd ryzen 5 5600g,desktop,0.2432007736008703
intel core i5-11600k @ 3.90ghz,desktop,0.23923875525471078
amd ryzen 5 5500,desktop,0.2389231368440845
"apple ipad pro 12.9 3nd gen (wifi, 6gb ram)",ios,0.2387485394254402
intel core i7-10700 @ 2.90ghz,desktop,0.23559907060451
intel core i7-10700f @ 2.90ghz,desktop,0.23238244893025506
amd ryzen 5 3600x,desktop,0.22472030836590245
amd ryzen 5 3600,desktop,0.2196636985105497
amd ryzen 7 2700x,desktop,0.21862282928401627
apple ipad air 5 (wifi),ios,0.21635306284164013
intel core i7-10875h @ 2.30ghz,laptop,0.21199484266086466
intel core i5-11400 @ 2.60ghz,desktop,0.21145761983426675
apple ipad pro 11.0 3rd gen (cellular),ios,0.21115543199430545
apple ipad pro 12.9 5th gen (wifi),ios,0.2109606887196637
apple ipad pro 11.0 3rd gen (wifi),ios,0.21065850087970237
intel core i5-11400f @ 2.60ghz,desktop,0.21045704231972817
apple ipad pro 12.9 5th gen (cellular),ios,0.2104234658930658
intel core i5-11400h @ 2.70ghz,laptop,0.20940945780786224
amd ryzen 5 5600h,laptop,0.20925500624521537
apple ipad air 5 (cellular),ios,0.20360745128060492
amd ryzen 7 2700,desktop,0.19445451737244315
intel core i5-10600k @ 4.10ghz,desktop,0.18956578965040224
samsung sm-s926u1,android,0.18920316424244865
samsung sm-s928b,android,0.18698040479739983
samsung sm-s928u1,android,0.18644989725613442
samsung sm-s928u,android,0.18638274440280966
nubia nx769j,android,0.18454947150704434
samsung sm-s926u,android,0.18383093597646963
amd ryzen 7 1700,desktop,0.18256846233396457
apple iphone 15 pro max,ios,0.18125898169413218
oneplus cph2581,android,0.18115825241414507
samsung sm-s921u,android,0.18013081375827658
samsung sm-s928w,android,0.17968088964100085
amd ryzen 5 2600x,desktop,0.17886162483043905
intel core i7-8700k @ 3.70ghz,desktop,0.17878775669178185
intel core i7-9700k @ 3.60ghz,desktop,0.17745813019595202
apple iphone 15 pro,ios,0.17682689337469948
samsung sm-s926b,android,0.17467128678297542
amd ryzen 7 4800h,laptop,0.17392589011107082
oneplus cph2583,android,0.17368413983910178
intel core i3-12100f,desktop,0.17320063929516366
intel core i7-8700 @ 3.20ghz,desktop,0.16991686476758397
amd ryzen 5 2600,desktop,0.16933935022899124
intel core i3-12100,desktop,0.16515572746686008
samsung sm-s921b,android,0.16488711605356113
intel core i7-9700 @ 3.00ghz,desktop,0.16236888405388344
xiaomi 23127pn0cg,android,0.1613078689713526
apple iphone 15 plus,ios,0.16077736143008717
intel core i5-10400 @ 2.90ghz,desktop,0.16062962515277274
intel core i5-10400f @ 2.90ghz,desktop,0.16044831244879595
apple iphone 15,ios,0.15976335334488362
intel core i7-10750h @ 2.60ghz,laptop,0.15919926937695583
apple iphone 14 pro,ios,0.158252414145077
amd ryzen 5 1600,desktop,0.15753387861450233
xiaomi 24030pn60g,android,0.1565668775266261
apple iphone 14 pro max,ios,0.15585505728138388
samsung sm-x816b,android,0.15553272358542514
amd ryzen 7 5700u,laptop,0.1540889372389433
samsung sm-x716b,android,0.15392777039096392
samsung sm-x910,android,0.15167143451925272
samsung sm-x916b,android,0.15112078112198987
samsung sm-x810,android,0.15102676712733523
sony xq-dq44,android,0.15030823159676054
samsung sm-x710,android,0.148401090562338
google brya,android,0.1475012423277865
vivo v2227a,android,0.14649394952791545
intel core i7-9750h @ 2.60ghz,laptop,0.1461447546906268
samsung sm-s916u,android,0.14605745598130465
apple iphone 14,ios,0.1458089904240031
samsung sm-s911u1,android,0.1456142471493614
samsung sm-f731u1,android,0.14449950978417073
samsung sm-s916b,android,0.14447264864284085
apple iphone 14 plus,ios,0.1442040372295419
oppo pgem10,android,0.14361980740561667
samsung sm-s911w,android,0.14335119599231771
oneplus cph2573,android,0.14305572343768888
samsung sm-f731u,android,0.1425386464670884
apple iphone se 3rd gen,ios,0.14236404904844407
apple iphone 13 pro,ios,0.14205514592315027
samsung galaxy s23,android,0.1419477013578307
asus asus_ai2205_c,android,0.1419141249311683
apple iphone 13 pro max,ios,0.14173281222719153
amd ryzen 7 4700u,laptop,0.14169923580052918
samsung sm-f946b,android,0.14152463838188484
samsung sm-f731b,android,0.14146420081389258
samsung galaxy s23 ultra,android,0.1406650818593282
nubia nx729j,android,0.14035617873403441
samsung sm-f946u,android,0.13965107377412467
amd ryzen 5 4600h,laptop,0.13949662221147777
apple iphone 13,ios,0.1389996910968747
xiaomi 22127rk46c,android,0.13809312757699074
oneplus cph2551,android,0.1373343003344212
oneplus cph2449,android,0.1369313832144728
samsung sm-s916w,android,0.1365486119505218
samsung sm-f946u1,android,0.13640759095853983
apple ipad mini 6 (wifi),ios,0.13611883368924346
samsung sm-s916u1,android,0.13565547900130276
apple ipad mini 6 (cellular),ios,0.13543387458533113
oneplus cph2451,android,0.13491679761473066
oneplus cph2447,android,0.1339027895295271
intel core i5-9600k @ 3.70ghz,desktop,0.1338557825321998
xiaomi 2211133g,android,0.13319768456961736
amd ryzen 3 3100,desktop,0.13283505916166377
apple ipad 10 (cellular),ios,0.13264031588702205
"apple ipad pro 11.0 (wifi, 6gb ram)",ios,0.13209637777509167
intel core i7-1185g7 @ 3.00ghz,laptop,0.13202250963643444
asus asus_ai2205_d,android,0.13165988422848088
"apple ipad pro 11.0 (cellular, 6gb ram)",ios,0.13129054353519481
intel core i7-1165g7 @ 2.80ghz,laptop,0.13094134869790616
amd ryzen 5 5500u,laptop,0.13089434170057887
intel core i7-8850h @ 2.60ghz,laptop,0.13041084115664076
apple iphone 13 mini,ios,0.1297594584793908
"apple ipad pro 12.9 3nd gen (cellular, 6gb ram)",ios,0.1292423815087903
honor pgt-n19,android,0.1291685133701331
apple ipad pro 12.9 3nd gen (cellular),ios,0.12843654726889345
apple ipad 10 (wifi),ios,0.12836939441556872
google pixel 8 pro,android,0.12743596975435487
apple ipad pro 11.0 2nd gen (cellular),ios,0.12708005963173374
apple ipad pro 11.0 (cellular),ios,0.12705319849040386
apple ipad air 4 (wifi),ios,0.12705319849040386
intel core i5-8600k @ 3.60ghz,desktop,0.1270464832050714
apple ipad pro 12.9 4th gen (wifi),ios,0.12665028137045542
motorola edge 40 pro,android,0.12659655908779563
apple ipad pro 12.9 4th gen (cellular),ios,0.12632794767449668
apple ipad pro 11.0 (wifi),ios,0.12628094067716938
apple ipad pro 11.0 2nd gen (wifi),ios,0.12624064896517453
apple ipad air 4 (cellular),ios,0.1259183152692158
xiaomi 2210132g,android,0.1258108707038962
motorola edge plus 2023,android,0.12562955799991943
apple ipad pro 12.9 3nd gen (wifi),ios,0.12403132009079065
google pixel 8,android,0.12334636098687833
intel core i7-8750h @ 2.20ghz,laptop,0.12299716614958969
oppo find x2,android,0.12198987334971863
apple iphone 12 pro max,ios,0.12135192124313363
intel core i5-1145g7 @ 2.60ghz,laptop,0.12092885826718777
samsung sm-s908n,android,0.12084827484319809
intel core i7-7700k @ 4.20ghz,desktop,0.12072068442188108
intel core i5-1135g7 @ 2.40ghz,laptop,0.12023718387794298
apple iphone 12,ios,0.11991485018198424
apple iphone 12 pro,ios,0.11916945351007964
amd ryzen 5 4500u,laptop,0.1186188001128168
xiaomi 23046rp50c,android,0.11861208482748432
nubia nx709s,android,0.11831661227285548
samsung sm-f721u1,android,0.11830318170219052
intel core i5-9400f @ 2.90ghz,desktop,0.11707428448634782
samsung sm-f936b,android,0.11598640826248707
intel core i5-9400 @ 2.90ghz,desktop,0.11576480384651544
intel core i5-8500 @ 3.00ghz,desktop,0.11566407456652833
nothing a065,android,0.11484480975596653
intel core i5-8400 @ 2.80ghz,desktop,0.11443517735068563
samsung sm-f936u,android,0.11411955894005936
asus rog phone 6d ultimate,android,0.11385094752676041
asus asus_ai2202,android,0.11333387055615993
intel core i7-4790k @ 4.00ghz,desktop,0.11300482157486871
samsung sm-f721b,android,0.11278321715889708
intel core i7-6700k @ 4.00ghz,desktop,0.11263548088158266
apple iphone 12 mini,ios,0.11253475160159555
xiaomi 2203121c,android,0.11245416817760587
asus asus_ai2201_f,android,0.11094322897779926
samsung sm-f721u,android,0.11086264555380958
motorola edge plus 5g uw (2022),android,0.1099627973192581
intel core i7-7700 @ 3.60ghz,desktop,0.10939871335133029
vivo i2217,android,0.10930469935667567
google pixel 7 pro,android,0.1082974065568046
motorola edge 30 ultra,android,0.10817653142082007
google pixel fold,android,0.10769974616221444
motorola thinkphone by motorola,android,0.10763930859422217
asus moto e32(s),android,0.10758558631156238
samsung sm-s711u,android,0.10696106477564232
xiaomi 23049pcd8i,android,0.10685362021032274
asus asus_ai2201_c,android,0.10677975207166553
xiaomi 23013pc75g,android,0.10669245336234337
intel core i5-10300h @ 2.50ghz,desktop,0.10665216165034852
apple ipad 9 (cellular),ios,0.10653800179969647
nothing ain065,android,0.10596048726110373
google pixel 7,android,0.10590004969311147
oneplus cph2415,android,0.1057858898424594
samsung sm-f936u1,android,0.10556428542648777
google pixel tablet,android,0.10532253515451871
lenovo l71061,android,0.10512779187987698
oneplus cph2417,android,0.10486589575191049
xiaomi 23049pcd8g,android,0.10485918046657802
nubia nx679j,android,0.1047383053305935
realme rmx3300,android,0.10408692265334354
intel core i7-6700 @ 3.40ghz,desktop,0.10357656096807553
google pixel 7a,android,0.10350269282941832
samsung sm-x808u,android,0.10309306042413742
intel core i7-4790 @ 3.60ghz,desktop,0.10259612930953436
sony xq-ct54,android,0.10246182360288489
xiaomi 23078pnd5g,android,0.10232751789623541
apple ipad 9 (wifi),ios,0.10229394146957305
asus asus_ai2201_d,android,0.10224021918691326
intel core i3-10100f @ 3.60ghz,desktop,0.10223350390158077
intel core i3-10100 @ 3.60ghz,desktop,0.10198503834427924
oneplus ne2210,android,0.10192460077628698
samsung sm-x906b,android,0.10189102434962462
sony xq-ct72,android,0.10179029506963751
motorola edge 30 pro,android,0.10169628107498288
motorola edge plus (2022),android,0.10139409323502156
samsung sm-x900,android,0.10134708623769424
xiaomi 23049rad8c,android,0.10121278053104477
google pixel 6,android,0.10059497428045718
samsung sm-s906u,android,0.10056811313912728
samsung sm-x800,android,0.10053453671246491
samsung sm-s906u1,android,0.10051439085646749
intel core i7-4770 @ 3.40ghz,desktop,0.10035993929382059
intel core i7-1065g7 @ 1.30ghz,laptop,0.10029278644049586
intel core i7-4770k @ 3.50ghz,desktop,0.10029278644049586
google pixel 6a,android,0.09983614703788764
samsung sm-x700,android,0.09980257061122527
oppo cph2305,android,0.09972870247256806
samsung sm-s908e,android,0.09955410505392374
samsung sm-s9010,android,0.09950038277126395
xiaomi 22081212ug,android,0.09929892421128973
samsung sm-s901e,android,0.09861396510737741
samsung sm-s908w,android,0.0982311938434264
oneplus ne2213,android,0.09798944357145735
intel core i5-9300h @ 2.40ghz,laptop,0.0978752837208053
xiaomi 2311drk48g,android,0.09777455444081819
samsung sm-s908u1,android,0.0976201028781713
amd fx-8350 eight-core,desktop,0.09756638059551151
oppo cph2357,android,0.09737163732086976
oneplus ne2217,android,0.09726419275555018
samsung sm-s9080,android,0.09699558134225124
huawei noh-nx9,android,0.09692171320359402
sony xq-bq42,android,0.09690828263292907
oppo cph2437,android,0.0966732476462925
samsung sm-s901w,android,0.09665981707562754
vivo i2214,android,0.09643149737432344
google pixel 6 pro,android,0.09635091395033375
intel core i5-8300h @ 2.30ghz,laptop,0.09616960124635696
samsung sm-s906e,android,0.09611587896369717
samsung sm-s908u,android,0.09598157325704769
oneplus ne2215,android,0.09588755926239306
samsung sm-s711b,android,0.09565252427575648
samsung sm-s906w,android,0.09563237841975905
sony so-51b,android,0.09561223256376164
oneplus cph2419,android,0.09540405871845495
xiaomi 2306epn60g,android,0.09539734343312248
sony sog03,android,0.09537719757712505
xiaomi 22041216g,android,0.09528318358247041
realme rmx3301,android,0.09516902373181836
sony xq-bq52,android,0.09479296775319983
samsung sm-s901u1,android,0.09425574492660194
oneplus ne2211,android,0.09420873792927462
apple iphone 11,ios,0.09420202264394215
realme rmx3561,android,0.09389983480398083
apple iphone se 2nd gen,ios,0.09377895966799629
xiaomi 21121210g,android,0.09365136924667929
samsung sm-s908b,android,0.09360436224935198
nubia nx666j,android,0.09350363296936487
samsung sm-s901b,android,0.09339618840404529
samsung sm-x706b,android,0.09320816041473602
honor lge-nx9,android,0.09312086170541387
samsung sm-s901u,android,0.09302684771075923
samsung sm-x806b,android,0.09274480572679533
microsoft surface duo 2,android,0.09260378473481339
sony xq-bc62,android,0.09257020830815102
asus asus_i004d,android,0.09232174275084948
samsung sm-g996w,android,0.09224787461219228
sony xq-be42,android,0.0919859784842258
sony xq-bc52,android,0.0919859784842258
lenovo l70081,android,0.09168379064426448
intel core i7-3770k @ 3.50ghz,desktop,0.09151590851095263
oneplus cph2493,android,0.09144875565762789
samsung sm-f926w,android,0.09143532508696295
samsung sm-g996b,android,0.09140846394563305
intel core i7-3770 @ 3.40ghz,desktop,0.09138160280430316
vivo v2045,android,0.09092496340169494
samsung sm-g998b,android,0.09050190042574908
xiaomi m2012k11i,android,0.09034073357776971
vivo i2009,android,0.09024000429778262
samsung sm-g998u1,android,0.09013255973246304
oneplus cph2423,android,0.0900116845964785
samsung sm-s906b,android,0.08986394831916408
samsung galaxy s21 5g (exynos),android,0.0897296426125146
xiaomi 2201122g,android,0.08954832990853781
samsung galaxy s21 5g (snapdragon),android,0.08948117705521308
huawei dby-w09,android,0.08914541278858938
oneplus cph2487,android,0.08897753065527754
oneplus 9 pro,android,0.08895738479928011
amd ryzen 5 3400g,desktop,0.08895066951394764
sony xq-be52,android,0.08888351666062291
samsung sm-f711b,android,0.0888365096632956
motorola moto g200 5g,android,0.08866862752998375
samsung sm-g996u1,android,0.08854103710866675
motorola razr plus 2023,android,0.0885276065380018
intel core i7-6820hq @ 2.70ghz,laptop,0.0885276065380018
oneplus 9,android,0.08848731482600695
intel core i7-10510u @ 1.80ghz,laptop,0.08846045368467706
samsung sm-g998u,android,0.08841344668734974
sony xq-bc72,android,0.0883731549753549
asus asus_i006d,android,0.08829257155136522
xiaomi 2201123g,android,0.08819184227137811
samsung sm-f926b,android,0.08809782827672348
samsung sm-f926u1,android,0.08809111299139101
lenovo yt-k606f,android,0.08779564043676216
nubia nx669j,android,0.08774191815410237
vivo iqoo 3 5g,android,0.08772848758343742
vivo i2202,android,0.08770162644210752
samsung sm-g998w,android,0.087453160884806
samsung sm-f711u,android,0.08744644559947352
samsung galaxy note 10 5g (exynos),android,0.08743973031414105
sony sog02,android,0.08718454947150704
xiaomi m2012k11c,android,0.08711068133284983
vivo i2012,android,0.08694279919953798
oneplus le2100,android,0.08684206991955089
motorola xt2153-1,android,0.08680849349288851
samsung sm-g996u,android,0.0867346253542313
samsung sm-f926u,android,0.08670776421290141
lenovo tb371fc,android,0.0866338960742442
xiaomi 22071212ag,android,0.08662046550357924
lge lm-v600,android,0.0866070349329143
xiaomi m2011k2c,android,0.08658688907691688
samsung sm-g990e,android,0.0864525833702674
motorola xt2125-4,android,0.08625784009562566
samsung sm-g990u,android,0.0858884994023396
sharp aquos r5g,android,0.08583477711967981
xiaomi 2107113sr,android,0.0857877701223525
samsung sm-g990w,android,0.08568032555703292
oppo cph2307,android,0.08559974213304324
samsung sm-g990b2,android,0.08557959627704581
samsung sm-g990u2,android,0.08554601985038345
samsung sm-s901n,android,0.0854788669970587
samsung galaxy tab s7 5g,android,0.08544529057039633
vivo v2145,android,0.08529755429308192
motorola edge 30 fusion,android,0.08528412372241696
lenovo tb-9707f,android,0.08527740843708449
samsung sm-f711u1,android,0.08521697086909223
xiaomi 2107113sg,android,0.08508938044777523
oneplus cph2399,android,0.08474690089581906
oppo cph2173,android,0.08466631747182937
samsung sm-t975,android,0.08465288690116443
motorola edge plus,android,0.08464617161583196
xiaomi m2012k11g,android,0.08459916461850464
samsung galaxy tab s7,android,0.08448500476785259
lenovo tb-q706f,android,0.08438427548786548
samsung galaxy s20 plus 5g (exynos),android,0.08425668506654847
samsung sm-f721w,android,0.08420296278388868
oneplus opd2203,android,0.08418953221322374
amd ryzen 5 2400g,desktop,0.08418281692789127
asus asus_i005da,android,0.08406194179190674
oneplus mt2111,android,0.08400821950924695
samsung galaxy note20 5g (exynos),android,0.08391420551459232
oneplus 8 5g,android,0.08388734437326242
motorola edge 20 pro,android,0.08378661509327531
intel core i3-9100f @ 3.60ghz,desktop,0.08376646923727789
apple iphone 11 pro,ios,0.08373289281061552
xiaomi 23043rp34g,android,0.08370603166928563
xiaomi m2011k2g,android,0.0836388788159609
asus asus_i005dc,android,0.083612017674631
motorola moto g(100),android,0.08355829539197121
oneplus 8t+ 5g,android,0.08354486482130626
asus rog phone 3,android,0.08354486482130626
samsung sm-g990b,android,0.08349785782397894
samsung galaxy z fold2,android,0.08347099668264904
samsung galaxy s20 plus (exynos),android,0.08346428139731657
intel core i7-8650u @ 1.90ghz,laptop,0.0834575661119841
samsung sm-g990u1,android,0.08344413554131914
xiaomi m2105k81ac,android,0.08343742025598667
xiaomi m2007j3sc,android,0.08342398968532173
samsung sm-n985f,android,0.08334340626133205
nubia red magic 5g,android,0.08330982983466967
samsung galaxy s20 5g (exynos),android,0.08330982983466967
samsung galaxy tab s7+,android,0.08326282283734236
apple ipad mini 5 (cellular),ios,0.08322253112534751
intel core i5-1035g1 @ 1.00ghz,laptop,0.08319566998401762
intel core i7-7700hq @ 2.80ghz,laptop,0.08318223941335268
infinix x6739,android,0.08314194770135783
samsung sm-t970,android,0.08314194770135783
samsung galaxy s20 ultra 5g (exynos),android,0.08310837127469546
oneplus 8,android,0.08304121842137073
realme rmx2202,android,0.08302778785070578
xiaomi redmi k30 pro,android,0.08301435728004083
xiaomi poco f2 pro,android,0.08299421142404341
xiaomi m2102k1ac,android,0.08283975986139651
samsung sm-g998n,android,0.08282632929073157
samsung galaxy note 20 ultra 5g (snapdragon),android,0.08272560001074446
intel core i7-8565u @ 1.80ghz,laptop,0.0827121694400795
realme rmx3311,android,0.08265173187208724
xiaomi m2102k1c,android,0.08254428730676766
intel core i5-4690k @ 3.50ghz,desktop,0.08243684274144808
samsung galaxy note20 5g (snapdragon),android,0.08239655102945324
apple ipad air 3 (cellular),ios,0.08233611346146098
realme rmx3312,android,0.08226224532280377
lenovo tb-j716f,android,0.08218166189881408
oneplus 8t,android,0.08218166189881408
lenovo tb132fu,android,0.08216823132814913
xiaomi 21081111rg,android,0.08210779376015687
blackshark shark kle-h0,android,0.08193991162684502
oneplus dn2103,android,0.08193991162684502
samsung sm-g9980,android,0.08186604348818781
realme x50 pro 5g,android,0.08185932820285534
xiaomi m2012k11ac,android,0.08185261291752287
samsung galaxy s20 plus 5g (snapdragon),android,0.08179889063486308
oneplus 8 pro,android,0.08173845306687082
samsung galaxy s20 fe 5g (snapdragon),android,0.08171830721087339
samsung galaxy s20 5g (snapdragon),android,0.08168473078421103
apple ipad air 3 (wifi),ios,0.08167801549887854
apple ipad mini 5 (wifi),ios,0.08157057093355896
infinix x6710,android,0.08131539009092496
tecno ck8n,android,0.08131539009092496
samsung galaxy note 20 ultra 5g (exynos),android,0.08130867480559249
xiaomi mi 10t pro 5g (various models),android,0.08123480666693528
apple ipad 8 (cellular),ios,0.08122137609627034
samsung sm-t976b,android,0.08117436909894302
apple iphone 11 pro max,ios,0.08104677867762601
apple ipad 8 (wifi),ios,0.08092590354164149
samsung sm-g780g,android,0.08089232711497911
intel core i5-6600k @ 3.50ghz,desktop,0.08077816726432706
samsung sm-g960n,android,0.08077145197899459
oppo find x2 pro,android,0.08077145197899459
samsung scg01,android,0.08074459083766469
xiaomi 22041216i,android,0.08073787555233222
xiaomi 22041216c,android,0.08034838900304873
asus zenfone 7,android,0.08026109029372658
oppo cph2249,android,0.08017379158440442
xiaomi m2012k11ag,android,0.08009320816041474
asus asus_i005d,android,0.07975072860845857
samsung sm-n980f,android,0.07970372161113126
sony xperia 1 ii,android,0.07969029104046631
intel core i7-8550u @ 1.80ghz,laptop,0.07962985347247405
oneplus le2101,android,0.07959627704581168
xiaomi 22021211rg,android,0.07957613118981426
samsung sm-g780f,android,0.07943511019783231
zte a2322g,android,0.07899861665122151
oppo cph2247,android,0.07885759565923955
xiaomi in2023,android,0.07885088037390708
intel core i7-6700hq @ 2.60ghz,laptop,0.07883073451790966
vivo i1927,android,0.07870314409659267
xiaomi m2102k1g,android,0.07864942181393288
samsung sm-n981n,android,0.07843453268329371
realme rmx3031,android,0.07840767154196382
xiaomi mi 10,android,0.07835394925930403
apple iphone xs,ios,0.07825321997931692
google volteer,android,0.07819278241132466
samsung galaxy s20 ultra 5g (snapdragon),android,0.07816592126999476
vivo i2019,android,0.0781323448433324
realme rmx3370,android,0.07809205313133755
xiaomi m2104k10i,android,0.07803161556334529
sony xperia 5 ii,android,0.07794431685402313
oppo cph2207,android,0.07781672643270612
samsung galaxy s20 (exynos),android,0.07777643472071129
intel core i5-4590 @ 3.30ghz,desktop,0.0777697194353788
xiaomi m2012k11ai,android,0.07750782330741234
xiaomi 2112123ag,android,0.07715191318479123
intel core i5-10210u @ 1.60ghz,laptop,0.07698403105147937
intel core i5-8350u @ 1.70ghz,laptop,0.0767489960648428
motorola edge 40,android,0.0767489960648428
samsung sm-g996n,android,0.07673556549417784
apple iphone xs max,ios,0.07667512792618558
intel core i7-2600k @ 3.40ghz,desktop,0.07667512792618558
realme rmx3371,android,0.07648038465154385
intel core i3-8100 @ 3.60ghz,desktop,0.07644680822488148
amd ryzen 3 3200g,desktop,0.076440092939549
apple iphone xr,ios,0.0763662248008918
huawei jad-lx9,android,0.07630578723289952
lge lm-v600v,android,0.07605732167559799
google pixel 5,android,0.07598345353694079
vivo v2105,android,0.0757752796916341
intel core i5-4570 @ 3.20ghz,desktop,0.07562754341431968
intel core i5-7500 @ 3.40ghz,desktop,0.07552681413433257
xiaomi 22021211ri,android,0.07531864028902588
realme rmx2076,android,0.0751843345823764
intel core i7-2600 @ 3.40ghz,desktop,0.07511718172905167
oneplus dn2101,android,0.07476127160643056
xiaomi 21061110ag,android,0.07468740346777335
intel core i5-3570k @ 3.40ghz,desktop,0.0746471117557785
intel core i5-8265u @ 1.60ghz,laptop,0.07456652833178881
amd ryzen 5 3550h,laptop,0.07455309776112387
huawei matepad pro,android,0.07435163920114966
huawei p40,android,0.07429791691848987
intel core i5-3570 @ 3.40ghz,desktop,0.07363981895590743
xiaomi m2012k10c,android,0.07361967309991002
amd ryzen 3 2200g,desktop,0.07339806868393838
intel core i5-8250u @ 1.60ghz,laptop,0.07320332540929664
xiaomi mi 10 pro,android,0.0727802624333508
oppo cph2293,android,0.07249150516405442
huawei lio-l29,android,0.0724444981667271
samsung sm-x610,android,0.07242435231072969
blackshark shark prs-h0,android,0.07228333131874773
samsung sm-x510,android,0.07220274789475804
intel core i3-1115g4 @ 3.00ghz,laptop,0.07187369891346683
intel core i5-6500 @ 3.20ghz,desktop,0.07160508750016788
intel core i5-4460 @ 3.20ghz,desktop,0.07114844809755967
huawei vrd-w10,android,0.07034932914299528
samsung galaxy s10e (exynos),android,0.0702956068603355
asus rog phone ii,android,0.07010086358569376
samsung sm-x616b,android,0.07009414830036129
intel core i5-3470 @ 3.20ghz,desktop,0.06996655787904428
samsung galaxy s10 plus (exynos),android,0.06991283559638449
samsung galaxy note 10 plus (exynos),android,0.06981882160172986
samsung galaxy note 10 (exynos),android,0.06976509931907007
intel core i5-7400 @ 3.00ghz,desktop,0.06954349490309843
huawei p40 pro,android,0.06951663376176853
samsung galaxy s10 (exynos),android,0.0692211612071397
samsung sm-a546w,android,0.06898612622050311
realme rmx2121,android,0.06898612622050311
amd fx-6300 six-core,desktop,0.06893911922317579
samsung scv42,android,0.06869065366587426
samsung sm-a546b,android,0.06866379252454437
oppo cph2201,android,0.06858320910055468
samsung sm-a546u1,android,0.06843547282324026
samsung sm-m625f,android,0.06835488939925058
huawei hw-02l,android,0.0682205836926011
samsung sm-a546e,android,0.06820043783660368
apple iphone 8 plus,ios,0.06818029198060625
samsung sm-a546u,android,0.06808627798595163
amd ryzen 5 3500u,laptop,0.06784452771398257
apple iphone x,ios,0.06760949272734598
sony j9260,android,0.06756920101535115
samsung galaxy s10 5g (exynos),android,0.0674013188820393
xiaomi m2007j1sc,android,0.06695811005009603
samsung sm-a5460,android,0.06693124890876613
samsung galaxy tab s6 10.5 (2019),android,0.06692453362343366
lge lm-g900tm,android,0.0668909571967713
samsung galaxy s10e (snapdragon),android,0.06681037377278161
huawei evr-l29,android,0.06679694320211665
huawei p30 pro,android,0.06664249163946977
apple iphone 8,ios,0.06659548464214245
huawei lya-al00,android,0.0665551929301476
huawei ele-l04,android,0.06644774836482802
lge lm-g820n,android,0.06634030379950843
oneplus 7 pro 5g,android,0.06627986623151617
samsung galaxy note 10 plus 5g (exynos),android,0.06609855352753939
huawei honor view 20,android,0.06609855352753939
intel core i5-6400 @ 2.70ghz,desktop,0.06609855352753939
samsung sm-t575,android,0.0660448312448796
lge g8 thinq,android,0.06601125481821722
sony xperia 1,android,0.06574935869025075
samsung galaxy s10 plus (snapdragon),android,0.06561505298360128
oneplus 7t,android,0.06529271928764253
lge lm-v510n,android,0.0651987052929879
xiaomi mi mix 3 5g,android,0.06511812186899821
oppo cph1921,android,0.06480921874370442
sony j9210,android,0.06480250345837195
samsung galaxy s10 (snapdragon),android,0.064789072887707
oneplus 7t pro,android,0.06471520474904979
huawei vog-al10,android,0.06456075318640289
intel core i5-7300hq @ 2.50ghz,laptop,0.06456075318640289
samsung galaxy note 10 plus 5g (snapdragon),android,0.06454060733040547
huawei mate 20 pro (various models),android,0.0643525793410962
samsung galaxy s10 lite (snapdragon),android,0.06431900291443383
microsoft surface duo,android,0.064278711202439
huawei honor 20 pro,android,0.0640705373571323
xiaomi mi 9,android,0.06404367621580241
xiaomi mi 9t pro,android,0.06392280107981788
samsung sm-a528n,android,0.06386236351182561
asus zenfone 6,android,0.06385564822649314
google pixel 4 xl,android,0.06370791194917871
xiaomi m2104k10ac,android,0.06365418966651894
samsung scg21,android,0.06360046738385915
oppo cph2359,android,0.06348630753320708
google nissa,android,0.06347287696254214
sharp 808sh,android,0.0634057241092174
samsung galaxy note 10 plus (snapdragon),android,0.06338557825321998
oneplus 7 pro,android,0.06334528654122513
motorola edge 30,android,0.0633318559705602
xiaomi 21051182g,android,0.0631505432665834
xiaomi m2102j20sg,android,0.06313039741058597
vivo i2018,android,0.0629692305626066
fairphone fp5,android,0.06293565413594424
honor rea-nx9,android,0.06286178599728702
xiaomi redmi k20 pro premium edition,android,0.06272076500530507
honor nth-nx9,android,0.0627140497199726
oneplus 7,android,0.06268718857864271
oneplus 7t pro 5g,android,0.06262003572531796
samsung sm-f700f,android,0.06261332043998549
lge lm-g850,android,0.06259988986932055
samsung sm-t733,android,0.062418577165343755
huawei mate 20,android,0.06226412560269686
google pixel 4,android,0.06222383389070202
samsung sm-g736b,android,0.062136535181379855
huawei yal-l21,android,0.06186120848274843
samsung galaxy note 10 (snapdragon),android,0.06182763205608606
lge lm-v450,android,0.06174704863209638
lge lm-v500n,android,0.061720187490766486
realme rmx2086,android,0.06165974992277422
nothing a063,android,0.06141799965080516
huawei p30,android,0.06140456908014021
shift shift6mq,android,0.06139785379480774
samsung galaxy note 9 (exynos),android,0.061337416226815475
samsung galaxy s9+ (exynos),android,0.061283693944155684
samsung sm-a346b,android,0.061229971661495894
amazon kfsnwi,android,0.061223256376163424
nubia red magic 3,android,0.061162818808171156
motorola edge (2021),android,0.061162818808171156
honor fne-nx9,android,0.06114267295217374
samsung sm-m526b,android,0.06090092268020468
lenovo l78032,android,0.06088749210953973
sony h8166,android,0.06078676282955263
oppo reno 10x zoom,android,0.06078004754422015
samsung galaxy s9 (exynos),android,0.060759901688222734
xiaomi m2101k9g,android,0.060746471117557786
samsung galaxy a90 5g,android,0.06065917240823562
samsung sm-m526br,android,0.060645741837570676
lge lm-g910,android,0.060645741837570676
motorola edge 20,android,0.06050472084558873
asus zenfone 5z,android,0.06042413742159904
motorola edge 5g uw (2021),android,0.060356984568274305
samsung sm-a736b,android,0.0602562552882872
samsung sm-a528b,android,0.060229394146957306
razer phone 2,android,0.060175671864297516
asus rog phone,android,0.059947352162993406
vivo 1805,android,0.05979961588567898
xiaomi m2102j20si,android,0.05970560189102435
xiaomi 23122pcd1g,android,0.05969888660569188
sony h8324,android,0.059604872611037245
sony xperia xz2 premium,android,0.05959815732570477
xiaomi mi mix 3,android,0.05939669876573055
xiaomi 23090ra98g,android,0.059322830627073345
xiaomi m2101k9r,android,0.059275823629746024
vivo v1914a,android,0.059248962488416136
sony h8314,android,0.05912808735243161
xiaomi 2109119dg,android,0.05912808735243161
samsung sm-e625f,android,0.05907436506977182
doogee v31gt,android,0.058966920504452236
sony h8416,android,0.058866191224465125
hmd global nokia 9,android,0.058758746659145544
lenovo z6 pro,android,0.058631156237828545
sony h8266,android,0.05859757981116618
realme rmx3360,android,0.058577433955168755
sony so-01l,android,0.05855057281383886
xiaomi 22101320g,android,0.058349114253864645
motorola moto g stylus 5g - 2023,android,0.05831553782720228
sony sov37,android,0.058241669688545064
xiaomi 2203129g,android,0.05814094040855796
samsung galaxy note 10 lite (exynos),android,0.058067072269900745
ulefone armor 10 5g,android,0.057999919416576014
xiaomi redmi k20 pro,android,0.057993204131243536
realme rmx3363,android,0.0579260512779188
samsung sm-m536b,android,0.05791262070725385
ulefone armor 11 5g,android,0.05783875256859664
motorola edge (2022),android,0.05766415514995232
google pixel 3 xl,android,0.057657439864619846
xiaomi 2312dra50g,android,0.057543280013967794
ulefone armor 11t 5g,android,0.05750298830197295
realme rmx3771,android,0.05738211316598842
xiaomi 2109119di,android,0.057361967309991005
intel core i5-2400 @ 3.10ghz,desktop,0.05729481445666627
sony xperia xz2 compact,android,0.057207515747344104
lge lm-g810,android,0.05711350175268947
google asurada,android,0.05700605718736989
oneplus 5 (a5000),android,0.05693218904871268
oneplus 6t,android,0.05688518205138536
gm burmese,android,0.056730730488738466
xiaomi 22101316ug,android,0.056724015203405996
samsung sm-a346e,android,0.05668372349141115
oneplus 6,android,0.056670292920746206
sharp 706sh,android,0.056509126072766834
xiaomi 22101320i,android,0.05642854264877715
lge lm-v350,android,0.056341243939454985
realme rmx3461,android,0.0562606605154653
motorola edge 40 neo,android,0.05612635480881582
realme rmx3393,android,0.05607263252615604
htc u12+,android,0.05603905609949367
sony 801so,android,0.05595847267550398
samsung galaxy s9+ (snapdragon),android,0.05595847267550398
lge lm-v405,android,0.055716722403534924
umidigi rp02,android,0.055642854264877716
samsung galaxy note 9 (snapdragon),android,0.05562942369421277
oppo cph2371,android,0.05562942369421277
sony xperia xz2,android,0.05544811099023598
xiaomi 2210129sg,android,0.055427965134238553
realme rmx3741,android,0.055407819278241136
xiaomi m2004j7bc,android,0.0553138052835865
apple ipad pro 12.9 2nd gen (cellular),ios,0.05528022885692413
lge lm-g710,android,0.05513920786494218
realme rmx2085,android,0.05504519387028755
apple ipad pro 10.5 (cellular),ios,0.054729575459661284
google nami,android,0.05463556146500665
oppo cph2251,android,0.05460198503834428
blackshark skw-h0,android,0.05460198503834428
apple ipad pro 10.5 (wifi),ios,0.05451468632902212
huawei evr-n29,android,0.054487825187692226
xiaomi gm1917,android,0.054487825187692226
oppo cph2065,android,0.05425950548638812
realme rmx3686,android,0.05423264434505822
oneplus iv2201,android,0.054212498489060804
xiaomi 22101316g,android,0.054199067918395856
realme x2 pro,android,0.054091623353076275
xiaomi mi 8,android,0.05401103992908659
xiaomi 21091116ug,android,0.053816296654444845
apple ipad pro 12.9 2nd gen (wifi),ios,0.05372228265979021
blackview bl6000pro,android,0.05361483809447063
samsung sm-m146b,android,0.053527539385148475
google pixel 3,android,0.053292504398511895
doogee v max,android,0.053191775118524784
samsung sm-g973n,android,0.05314476812119747
realme rmx3392,android,0.05303060827054541
samsung sm-a146b,android,0.05297017070255315
xiaomi 22101316up,android,0.052963455417220674
infinix x6815d,android,0.05286272613723357
samsung galaxy s9 (snapdragon),android,0.052607545294599566
intel core i3-1005g1 @ 1.20ghz,laptop,0.05252696187060988
motorola moto g power 5g - 2023,android,0.052258350457310934
agm agm_pad_p1,android,0.05210389889466403
samsung sm-a146m,android,0.05202331547067435
alldocube iplay50 pro,android,0.051929301476019714
xiaomi pocophone f1,android,0.051862148622694976
samsung sm-x110,android,0.05176813462804034
motorola moto g54 5g,android,0.051747988772042924
xiaomi mi mix 2s,android,0.051687551204050664
google hatch,android,0.05164725949205582
ulefone power armor 18t,android,0.05159353720939603
motorola edge 30 neo,android,0.05150623850007387
sharp shv42,android,0.051345071652094496
honor crt-nx1,android,0.05132492579609708
samsung sm-a516b,android,0.05126448822810481
tcl t767h,android,0.05125105765743986
lenovo tb350fu,android,0.051177189518782654
xiaomi nx619j,android,0.051110036665457916
blackview tab 18,android,0.05107646023879554
tecno lg7n,android,0.05085485582282391
xiaomi 22041219ny,android,0.0507809876841667
samsung sm-a536u1,android,0.050767557113501754
ulefone armor 12 5g,android,0.050713834830841964
samsung sm-a156u,android,0.05069368897484454
lenovo tb370fu,android,0.05069368897484454
samsung sm-e426b,android,0.05068697368951207
motorola edge 20 fusion,android,0.05066011254818217
cubot kingkong 9,android,0.05060639026552238
samsung sm-m346b,android,0.05057281383886001
motorola moto g84 5g,android,0.05051909155620022
oppo cph2483,android,0.05040493170554817
ulefone armor 17 pro,android,0.05038478584955075
xiaomi 22111317pg,android,0.05035120942288838
motorola moto g72,android,0.050183327289576536
wheatek wp15,android,0.05009602858025437
samsung sm-a236u,android,0.0500893132949219
xiaomi m2007j22g,android,0.05004230629759458
samsung sm-a536e,android,0.050028875726929635
xiaomi 22071219cg,android,0.04988785473494769
infinix x6833b,android,0.04982741716695542
xiaomi 21091116ag,android,0.04978041016962811
xiaomi redmi pad,android,0.04976697959896316
motorola moto g(50) 5g,android,0.04976026431363069
realme rmx2111,android,0.049719972601635846
vivo v2050,android,0.049666250318976056
motorola moto g73 5g,android,0.04958566689498637
tecno ck7n,android,0.04958566689498637
xiaomi 22101316i,android,0.04953865989765905
samsung sm-a516u,android,0.04948493761499926
realme rmx2117,android,0.04941778476167452
tcl t767w,android,0.04941778476167452
wingtech revvl v+ 5g,android,0.04932377076701989
oneplus cph2465,android,0.04930362491102247
xiaomi 21091116i,android,0.049169319204372994
samsung sm-a146p,android,0.049149173348375576
umidigi s5 pro,android,0.0491155969217132
xiaomi m2103k19pi,android,0.04908202049505084
xiaomi 2312fpca6g,android,0.04905515935372094
samsung sm-t736b,android,0.04902829821239105
samsung sm-x210,android,0.04902158292705857
huawei bah3-w09,android,0.04900815235639362
doogee v20pro,android,0.048940999503068884
lenovo tb-j616f,android,0.04890742307640652
oppo cph2211,android,0.048887277220409094
doogee v10,android,0.048867131364411676
xiaomi 22081283g,android,0.0488604160790792
realme rmx3286,android,0.04871939508709725
realme rmx3241,android,0.04867238808976993
lenovo yt-j706f,android,0.04867238808976993
oneplus cph2467,android,0.04862538109244262
realme rmx3092,android,0.0485515129537854
lge lm-g710vm,android,0.048531367097787985
lenovo tb-j616x,android,0.04851793652712304
samsung sm-a536b,android,0.048470929529795724
razer phone,android,0.04838363082047356
infinix x6711,android,0.04837020024980861
xiaomi 22031116bg,android,0.04834333910847872
wingtech wtcelero5g,android,0.04832990853781377
blu g91 pro,android,0.048242609828491614
vivo v2141,android,0.04821574868716172
samsung sm-a226b,android,0.04820903340182924
samsung sm-a245f,android,0.048195602831164294
sony xq-cc54,android,0.048195602831164294
realme rmx3472,android,0.048188887545831824
xiaomi m2006j10c,android,0.048188887545831824
wheatek wp19,android,0.048175456975166876
oneplus cph2409,android,0.04810830412184214
motorola moto g(60)s,android,0.04805458183918235
google pixel 5a,android,0.04803443598318492
lenovo tb-j607z,android,0.04800757484185503
xiaomi m2103k19g,android,0.04800757484185503
realme rmx3471,android,0.047839692708543186
doogee v20,android,0.04781954685254577
motorola moto g82 5g,android,0.04780611628188082
xiaomi 2207117bpg,android,0.04779268571121587
oneplus cph2515,android,0.04779268571121587
realme rmx3630,android,0.0477591092845535
xiaomi 22111317g,android,0.04773896342855608
infinix x678b,android,0.047732248143223605
blu g91 max,android,0.047732248143223605
motorola edge 20 lite,android,0.04769867171656124
motorola moto g stylus 5g (2022),android,0.047671810575231344
xiaomi 2201117sy,android,0.047557650724579285
motorola moto g 5g (2022),android,0.047450206159259704
samsung sm-s536dl,android,0.047443490873927234
ulefone power armor 13,android,0.04743677558859476
umidigi bison gt,android,0.04741662973259734
samsung sm-a536w,android,0.04736962273527002
samsung sm-a326b,android,0.04734276159394012
samsung galaxy note 8 (exynos),android,0.04729575459661281
honor rmo-nx1,android,0.0472218864579556
samsung sm-a426b,android,0.04718159474596076
samsung sm-a326w,android,0.047148018319298386
realme rmx3660,android,0.04712115717796849
xiaomi 2201117pg,android,0.04710101132197107
intel core i3-6100 @ 3.70ghz,desktop,0.047087580751306125
realme rmx2156,android,0.04705400432464375
samsung sm-g975n,android,0.04702042789798139
oppo cph2343,android,0.04700028204198396
samsung sm-a146u,android,0.046912983332661806
huawei bah3-w59,android,0.04687269162066696
samsung sm-a336b,android,0.04683911519400459
infinix x670,android,0.04683239990867212
xiaomi 23030rac7y,android,0.04679210819667728
realme rmx2151,android,0.04674510119934996
vivo i2011,android,0.04673838591401749
huawei sht-w09,android,0.04672495534335254
fih ec211001,android,0.04671824005802006
n-one npad x,android,0.04666451777536027
xiaomi m2101k7bny,android,0.04655035792470822
samsung sm-a5260,android,0.04649663564204843
umidigi rp03,android,0.04648320507138348
xiaomi redmi note 8 pro,android,0.046463059215386064
vivo 2018,android,0.046449628644721117
xiaomi 2201116pg,android,0.04642948278872369
samsung galaxy a71 5g (exynos),android,0.04642948278872369
samsung sm-g965n,android,0.046395906362061326
motorola moto g53 5g,android,0.04630860765273916
google pixel 4a (5g),android,0.04630189236740669
samsung sm-a426u,android,0.0462750312260768
hmd global nokia g400 5g,android,0.046241454799414425
realme rmx2002,android,0.046234739514081954
lge lm-g900,android,0.04622130894341701
xiaomi m2101k7bl,android,0.046187732516754634
hmd global nokia 8.3 5g,android,0.04615415609009227
xiaomi 22111317i,android,0.046134010234094844
fairphone fp4,android,0.04612729494876237
tcl t790s,android,0.04608700323676753
samsung sm-a336e,android,0.04595941281545053
huawei mar-al00,android,0.04589225996212579
lge lm-g900n,android,0.04585196825013095
tcl t810s,android,0.045825107108801055
xiaomi m2103k19pg,android,0.045825107108801055
realme rmx3085,android,0.04578481539680621
motorola one 5g uw ace,android,0.045717662543481474
xiaomi 2201116sg,android,0.04570423197281653
xiaomi m2007j17c,android,0.045650509690156736
oneplus 5t (a5010),android,0.045650509690156736
samsung sm-a155f,android,0.045616933263494364
samsung sm-a526b,android,0.045603502692829416
huawei mate 9 (various models),android,0.04559007212216447
samsung sm-a716u1,android,0.045583356836832
samsung galaxy s8+ (exynos),android,0.04556321098083457
samsung sm-a536u,android,0.045543065124837155
samsung sm-a326u,android,0.04553634983950468
realme rmx2155,android,0.04550948869817478
samsung sm-a516v,android,0.045489342842177365
xiaomi m2103k19i,android,0.045489342842177365
samsung sm-a526w,android,0.04544905113018252
alldocube iplay 50 mini pro,android,0.04544905113018252
motorola moto g71 5g,android,0.045442335844850044
samsung sm-a716v,android,0.0454289052741851
xiaomi m2101k7bi,android,0.04540875941818768
samsung galaxy s8 (various models),android,0.045381898276857784
motorola one 5g ace,android,0.045314745423533045
doogee s96pro,android,0.0453013148528681
realme rmx3381,android,0.04523416199954336
xiaomi m2007j17g,android,0.04522744671421089
motorola moto g 5g,android,0.0451737244315511
google corsola,android,0.045153578575553674
xiaomi m2002j9g,android,0.045032703439569145
tcl t790w,android,0.04499912701290678
google dell latitude 5400 chromebook enterprise,android,0.04496555058624441
xiaomi 2201117sg,android,0.04495883530091194
samsung sm-s236dl,android,0.0448916824475872
realme rmx2161,android,0.044804383738265036
xiaomi 23076rn4bi,android,0.04475737674093772
oneplus cph2381,android,0.04475737674093772
vivo v2126,android,0.044743946170272775
sony xperia xz1 compact,android,0.04470365445827793
wingtech tmaf035g,android,0.04470365445827793
samsung sm-a336m,android,0.044636501604953194
realme rmx2001,android,0.04462978631962072
huawei honor 9,android,0.04459620989295835
huawei jny-lx1,android,0.04459620989295835
xiaomi 23076pc4bi,android,0.0445827793222934
vivo v2124,android,0.0445827793222934
xiaomi poco f1,android,0.04457606403696093
huawei p10 (various models),android,0.04454920289563104
motorola edge,android,0.044508911183636195
samsung sm-a426u1,android,0.0444820500423063
xiaomi 21091116ai,android,0.044341029050324346
oneplus gn2200,android,0.044334313764991876
motorola moto g 5g plus,android,0.044334313764991876
gm aegean,android,0.04429402205299703
xiaomi 2201116si,android,0.04424029977033724
oneplus ac2003,android,0.04422015391433982
intel core i7-7500u @ 2.70ghz,laptop,0.04421343862900735
xiaomi mi mix 2,android,0.04418657748767745
samsung sm-a236e,android,0.04418657748767745
realme rmx3151,android,0.0440724176370254
realme rmx3242,android,0.04406570235169292
samsung sm-a526u,android,0.04398511892770324
samsung sm-m336bu,android,0.04393139664504345
huawei jny-lx2,android,0.043891104933048604
google strongbad,android,0.04373665337040171
oneplus eb2103,android,0.043709792229071814
oneplus eb2101,android,0.04368293108774192
xiaomi 2201117pi,android,0.04368293108774192
lge lm-k920,android,0.043609062949084704
oneplus ac2001,android,0.04358220180775481
huawei cor-al00,android,0.04351504895443007
samsung sm-m236b,android,0.04350161838376513
huawei eml-l09,android,0.04346804195710276
huawei mate 10 pro (various models),android,0.04332702096512081
tcl t790y,android,0.04332030567978833
huawei clt-l29,android,0.04326658339712854
oppo find x2 lite,android,0.0432262916851337
oneplus be2029,android,0.04311884711981412
xiaomi m2101k7bg,android,0.04311884711981412
huawei mate 10 (various models),android,0.04310541654914917
sony xperia xz1,android,0.043071840122486806
motorola moto g51 5g,android,0.04304497898115691
hmd global nokia 8 (various models),android,0.043018117839827015
huawei clt-l04,android,0.04295768027183475
huawei p20,android,0.04290395798917496
oneplus be2026,android,0.04283008985051775
oppo cph2145,android,0.04280994399452033
samsung galaxy note 8 (snapdragon),android,0.04276293699719301
xiaomi 23117ra68g,android,0.042736075855863115
samsung sm-m326b,android,0.042662207717205906
tcl t781,android,0.04265549243187343
blackview bv9900pro,android,0.04264877714654096
oppo a101op,android,0.04263534657587601
huawei mate 8 (various models),android,0.042621916005211063
samsung sm-e236b,android,0.04259505486388117
intel core i5-7300u @ 2.60ghz,laptop,0.04258162429321622
huawei cmr-w09,android,0.04252790201055643
hxy rp04,android,0.042501040869226535
xiaomi mi note 10 pro,android,0.04248761029856159
xiaomi 22031116ai,android,0.04247417972789664
samsung galaxy tab s4 10.5 (2018),android,0.0424338880159018
huawei bkl-l09,android,0.042400311589239424
lge lg-us998,android,0.04238688101857448
doogee t30pro,android,0.04236001987724458
sony so-02k,android,0.04224586002659253
huawei clt-l09,android,0.04219213774393274
huawei p10 plus (various models),android,0.04217199188793532
oppo cph2089,android,0.042124984890608
htc u11,android,0.042098123749278106
huawei cmr-al09,android,0.042098123749278106
xiaomi redmi k30 5g,android,0.04205111675195079
motorola moto g stylus 5g,android,0.042044401466618316
huawei alp-l09,android,0.04203097089595337
huawei mediapad m3 (various models),android,0.041983963898626055
oppo find x2 neo,android,0.04197053332796111
huawei honor 8 (various models),android,0.04195038747196368
samsung galaxy s8 active (various models),android,0.04194367218663121
intel core i7-6600u @ 2.60ghz,laptop,0.041936956901298734
oneplus be2028,android,0.04184965819197658
motorola one 5g uw,android,0.041762359482654415
vivo v2040,android,0.04168849134399721
agm glory g1,android,0.04168849134399721
motorola moto z (2),android,0.04167506077333226
oneplus be2025,android,0.041654914917334834
xiaomi m2007j17i,android,0.04162133849067247
google pixel 4a,android,0.041581046778677626
lge lm-f100,android,0.04154075506668278
motorola moto g62 5g,android,0.04150717864002042
sharp sh-41a,android,0.041346011792041046
hmd global ta-1004,android,0.04131915065071115
realme rmx2144,android,0.0411512685173993
xiaomi mi 6,android,0.041117692090736936
oppo reno z,android,0.04109083094940704
motorola razr (2020),android,0.04109083094940704
motorola moto z3,android,0.041084115664074564
samsung sm-g935s,android,0.040902802960097774
lenovo tb-j706l,android,0.040849080677437984
huawei sht-al09,android,0.040849080677437984
xiaomi m2103k19c,android,0.04081550425077562
hmd global nokia x20,android,0.04078864310944572
sony xperia 10 iii,android,0.04078864310944572
sony xperia xz premium (various models),android,0.040728205541453455
lge lm-q910,android,0.04070134440012356
oppo cph2205,android,0.040674483258793664
hmd global nokia g50,android,0.040546892837476665
sony g8342,android,0.04053346226681172
sharp sh-rm15,android,0.0404595941281545
oppo cph2285,android,0.0404595941281545
huawei honor play,android,0.04045287884282203
hmd global nokia xr20,android,0.04041930241615966
xiaomi m2101k9ag,android,0.040392441274829764
google pixel 2 xl,android,0.040392441274829764
oppo cph2197,android,0.040392441274829764
honor eln-w09,android,0.04028499670951019
oppo reno2,android,0.04027156613884524
samsung galaxy s8+ (snapdragon),android,0.04025142028284782
vivo v2061,android,0.04021784385618545
xiaomi redmi k20,android,0.04012382986153082
vivo v2303,android,0.04004324643754113
vivo v2025,android,0.040036531152208656
samsung sm-p613,android,0.04001638529621124
oppo cph2235,android,0.039801496165572076
xiaomi mi 9t,android,0.03976120445357723
xiaomi 2201116pi,android,0.03970748217091744
samsung sm-a525m,android,0.03970076688558497
lge lg-h930,android,0.039687336314920024
google trogdor,android,0.03968062102958755
xiaomi redmi note 10 lite,android,0.03961346817626281
samsung sm-a715w,android,0.039586607034932914
samsung sm-m515f,android,0.039586607034932914
xiaomi m2007j20cg,android,0.0395396000376056
oppo cph2119,android,0.03952616946694065
lge lm-q620,android,0.03947916246961333
xiaomi redmi note 9 pro,android,0.039412009616288594
lenovo tb-j706f,android,0.039358287333628804
vivo 1919,android,0.039358287333628804
intel core i5-7200u @ 2.50ghz,laptop,0.039351572048296334
xiaomi m2101k6r,android,0.0392575580536417
samsung sm-a805f,android,0.03924412748297675
sony 701so,android,0.039237412197644275
oneplus 3t (various models),android,0.039230696912311805
intel core i7-6500u @ 2.50ghz,laptop,0.03922398162697933
xiaomi m2101k6g,android,0.03916354405898707
xiaomi redmi note 10 pro,android,0.03902252306700512
huawei col-l29,android,0.039002377211007695
samsung galaxy a71,android,0.038948654928347905
vivo v2059,android,0.03892179378701801
xiaomi redmi note 9s,android,0.03890836321635306
samsung sm-n935f,android,0.03890836321635306
motorola moto g(50),android,0.038841210363028324
xiaomi mi note 10 lite,android,0.03863975180305411
lge v30 (various models),android,0.03862632123238916
oppo cph2203,android,0.038606175376391744
hmd global nokia x100,android,0.038592744805726796
google pixel 2,android,0.03851887666706958
google fydeos android,android,0.03850544609640463
motorola moto g stylus (2021),android,0.03847858495507474
motorola one fusion+,android,0.03847858495507474
xiaomi redmi note 9 pro max,android,0.03839800153108506
xiaomi m2007j20ci,android,0.038256980539103105
realme rmx2170,android,0.038196542971110845
realme rmx2061,android,0.03816968182978095
oneplus de2118,android,0.03810924426178868
motorola moto g42,android,0.038082383120458786
samsung sm-a525f,android,0.03806223726446137
tcl t799h,android,0.03799508441113663
oppo cph2159,android,0.037914500987146944
hmd global nokia 7 plus,android,0.037914500987146944
samsung sm-a725m,android,0.037901070416482
oppo cph2195,android,0.03789435513114952
xiaomi mi pad 4 plus,android,0.03782048699249231
xiaomi 2201116tg,android,0.03778019528049747
intel core i5-6300u @ 2.40ghz,laptop,0.037739903568502625
realme rmx2063,android,0.03767275071517789
motorola moto g(9) plus,android,0.037632459003183044
realme rmx3081,android,0.037612313147185626
vivo 1818,android,0.037504868581866045
xiaomi poco m2 pro,android,0.03743100044320883
oneplus de2117,android,0.03732355587788925
xiaomi mi note 10,android,0.03730341002189183
vivo v2206,android,0.03730341002189183
vivo 1933,android,0.03726311830989699
samsung sm-a225m,android,0.037222826597902145
gigaset e940-2795-00,android,0.03719596545657225
oppo cph1983,android,0.03719596545657225
honor hey-w09,android,0.03718925017123978
xiaomi m2101k6p,android,0.03706165974992277
realme rmp2103,android,0.0370549444645903
motorola moto g32,android,0.03703479860859288
samsung galaxy s7 (various models),android,0.03700793746726298
motorola moto g stylus (xt2115dl),android,0.036994506896598035
enfore donner2plus,android,0.03696093046993567
lenovo tb128xu,android,0.03695421518460319
samsung sm-m225fv,android,0.0369273540432733
vivo v2205,android,0.036880347045945984
lenovo tb128fu,android,0.036880347045945984
oppo reno2 z,android,0.036866916475281036
xiaomi m2101k7ai,android,0.03684677061928361
xiaomi 2209116ag,android,0.036759471909961455
samsung sm-m405f,android,0.03667888848597177
innotek gmbh virtualbox,android,0.0366453120593094
blackview tab 13,android,0.03662516620331198
motorola one fusion,android,0.036584874491317136
huawei par-lx1,android,0.03657815920598466
samsung sm-a725f,android,0.0365177216379924
xiaomi poco x2,android,0.03650429106732745
xiaomi m2101k7ag,android,0.03644385349933519
xiaomi mi pad 4,android,0.0363901312166754
realme rmx1992,android,0.036363270075345504
oppo cph2113,android,0.036349839504680556
sony sov36,android,0.03632969364868313
google pixel 3a,android,0.03628268665135582
wheatek bv6300pro,android,0.0362356796540285
realme rmx1921,android,0.0362356796540285
xiaomi poco x3 nfc,android,0.03622896436869603
xiaomi 22126rn91y,android,0.03622896436869603
hxy rp01,android,0.0362088185126986
konnectone mt-t8b22,android,0.036188672656701185
tcl t780h,android,0.036188672656701185
samsung sm-a920f,android,0.03614838094470634
asus asus_z01kda,android,0.036121519803376446
qualcomm noteair3c,android,0.0361080892327115
unihertz jelly2,android,0.036081228091381604
motorola moto g31,android,0.036020790523389336
oppo cph1877,android,0.036020790523389336
samsung sm-a325m,android,0.036014075238056865
realme rmx1851,android,0.03600735995272439
samsung sm-t545,android,0.035960352955397075
realme rmp2102,android,0.03594020709939965
huawei jsn-l23,android,0.03592677652873471
xiaomi 23053rn02a,android,0.035906630672737284
xiaomi mi 9 lite,android,0.03589320010207234
motorola moto z4,android,0.03586633896074244
xiaomi m2101k6i,android,0.035852908390077494
xiaomi 23124ra7eo,android,0.035852908390077494
xiaomi redmi note 7 pro,android,0.035846193104745024
xiaomi redmi 9,android,0.0357991861074177
huawei jsn-l22,android,0.03579247082208523
apple ipad 7 (cellular),ios,0.035779040251420285
realme rmx3521,android,0.03576560968075534
motorola moto g stylus (2023),android,0.03575217911009039
samsung sm-a225f,android,0.03574546382475791
samsung galaxy tab s5e 10.5 (2019),android,0.03574546382475791
google pixel 3a xl,android,0.03573874853942544
huawei jsn-l21,android,0.03568502625676565
a-gold f1,android,0.03563130397410586
xiaomi mi 8 se,android,0.03558429697677854
realme rmx1901,android,0.03556415112078112
oppo cph2091,android,0.035557435835448646
google chromebox reference,android,0.035550720550116176
huawei stk-lx1,android,0.035550720550116176
umidigi power 3,android,0.03553057469411875
samsung galaxy a70,android,0.03552385940878628
ulefone armor 8 pro,android,0.03552385940878628
realme rmx3195,android,0.035503713552788856
xiaomi 220333qny,android,0.03548356769679144
realme rmx2020,android,0.03545670655546154
lenovo tb310fu,android,0.03540298427280175
cubot tab s9,android,0.035396268987469275
motorola moto g41,android,0.03538283841680433
huawei jdn2-l09,android,0.03537612313147186
motorola one action,android,0.03536940784613938
blackview tab 15,android,0.035329116134144536
realme rmx1971,android,0.035329116134144536
samsung sm-a705mn,android,0.035322400848812066
realme rmx3430,android,0.03531568556347959
motorola moto g stylus (2022),android,0.03530225499281465
huawei hry-lx1,android,0.03529553970748217
samsung sm-a315n,android,0.03527539385148475
motorola moto g(40) fusion,android,0.03524853271015486
huawei mar-lx1h,android,0.03524181742482238
xiaomi 23021raa2y,android,0.03524181742482238
apple ipad 6 (wifi),ios,0.03524181742482238
huawei jdn2-w09,android,0.03522838685415743
vivo v2037,android,0.03522167156882496
doogee s88pro,android,0.035208240998160015
xiaomi 23073rpbfg,android,0.03520152571282754
huawei hry-lx1t,android,0.03518137985683012
doogee s86pro,android,0.03512094228883785
motorola moto g(60),android,0.03507393529151054
realme rmx2040,android,0.03506722000617806
cubot x30,android,0.035053789435513114
intel core i5-6200u @ 2.30ghz,laptop,0.035053789435513114
samsung sm-a145r,android,0.035053789435513114
huawei stk-l22,android,0.03504707415018064
lenovo tb125fu,android,0.035033643579515696
motorola one hyper,android,0.03502692829418322
x-view ftb13,android,0.03502692829418322
huawei mar-lx3a,android,0.03501349772351827
xiaomi m2004j19pi,android,0.03499335186752085
realme rmx3710,android,0.03495306015552601
xiaomi m2004j19c,android,0.03493962958486106
samsung sm-a057g,android,0.03493962958486106
hmd global nokia 7.2,android,0.034932914299528585
samsung sm-m325fv,android,0.03490605315819869
huawei pot-lx1,android,0.034859046160871376
hxy bison pro,android,0.03483890030487395
alldocube iplay_40h,android,0.03477174745154921
alldocube iplay_40,android,0.03476503216621674
oppo rmx1801,android,0.034758316880884266
huawei sne-lx1,android,0.03471802516888942
huawei stk-lx3,android,0.03469116402755953
doogee n20pro,android,0.03466430288622964
realme rmx3269,android,0.034624011174234796
huawei cdy-nx9b,android,0.03461058060356985
vivo 1804,android,0.03460386531823737
apple ipad 7 (wifi),ios,0.034590434747572424
samsung galaxy s6 edge plus (various models),android,0.034590434747572424
huawei mar-lx1m,android,0.03450985132358274
samsung sm-e225f,android,0.03443598318492553
jumper ezpad m10,android,0.03442926789959305
hxy a11 pro max,android,0.034409122043595634
blu g9 pro,android,0.034409122043595634
xiaomi redmi note 7,android,0.03440240675826316
chuwi hipad x,android,0.03436883033160079
yestel t15_us,android,0.03436883033160079
samsung sm-m325f,android,0.03436883033160079
teclast t40pro,android,0.034341969190270896
google pixel,android,0.03432182333427347
apple ipad 6 (cellular),ios,0.03432182333427347
realme rmx3191,android,0.034308392763608524
a-gold bv9700pro,android,0.034308392763608524
xiaomi m1908c3jgg,android,0.03426138576628121
incar t40 plus_row,android,0.03424795519561626
xiaomi m2003j15sc,android,0.03424795519561626
vivo v2109,android,0.034241239910283786
realme rmx2193,android,0.034241239910283786
vivo 1951,android,0.034234524624951315
oppo cph2565,android,0.03422109405428637
asus zenfone max pro m2,android,0.03419423291295647
xiaomi 21061119dg,android,0.03410021891830184
motorola one zoom,android,0.03408678834763689
xiaomi mi 8 lite,android,0.03408678834763689
oppo cph2333,android,0.034059927206306996
samsung sm-a235f,android,0.0340330660649771
teclast t20,android,0.03401292020897968
teclast m40_eea,android,0.03397262849698484
samsung galaxy s7 edge (various models),android,0.033952482640987415
oppo cph1823,android,0.033952482640987415
oppo reno2 f,android,0.03391219092899257
xiaomi 23108rn04y,android,0.033898760358327625
oppo cph2375,android,0.033892045072995154
honor tfy-lx1,android,0.033845038075667834
intel core i5-3210m @ 2.50ghz,laptop,0.03381146164900547
incar t40 pro_eea,android,0.033771169937010626
alldocube iplay_50,android,0.03376445465167815
xiaomi 21061119bi,android,0.03374430879568073
samsung-sm-g890a,android,0.03374430879568073
huawei ine-lx2,android,0.03373759351034825
incar m40pro_eea,android,0.033724162939683305
huawei stk-l21,android,0.033717447654350835
cubot x20 pro,android,0.03369730179835341
oppo cph2363,android,0.033663725371691045
incar m40pro_row,android,0.033663725371691045
xiaomi 21061119ag,android,0.033663725371691045
vivo v2058,android,0.03365701008635857
vivo v2110,android,0.03363686423036115
hxy bison,android,0.03363014894502867
samsung galaxy s6 edge (various models),android,0.03353613495037404
blackview tab 11,android,0.03352270437970909
huawei par-lx9,android,0.0334689820970493
samsung sm-m215g,android,0.03346226681171683
samsung galaxy s6 (various models),android,0.03342197509972199
incar t40 pro_row,android,0.03341525981438952
teclast m40(n9h3),android,0.03338839867305962
xiaomi 21121119sg,android,0.03335482224639725
motorola one macro,android,0.03334810696106478
huawei ine-lx1,android,0.03330109996373746
xiaomi 23028ra60l,android,0.03326752353707509
samsung sm-a705w,android,0.03326752353707509
samsung sm-a315f,android,0.033254092966410145
vivo 1819,android,0.033254092966410145
amazon kftrwi,android,0.033254092966410145
teclast m40_row,android,0.0332406623957452
teclast m40 pro_eea,android,0.03323394711041272
xiaomi 23021raaeg,android,0.03322723182508025
blackview tab 16 pro,android,0.03318022482775293
vivo 1806,android,0.03316679425708798
vivo 1915,android,0.033146648401090564
motorola moto g52,android,0.03313993311575809
realme rmx3491,android,0.03313993311575809
blackview bv9800pro,android,0.03313321783042562
chuwi hipad max,android,0.03311307197442819
lechpol km1070,android,0.03310635668909572
huawei mar-lx1a,android,0.03310635668909572
huawei agrk-w09,android,0.03310635668909572
xiaomi redmi note 7s,android,0.033092926118430774
realme rmx3171,android,0.033079495547765826
samsung sm-x200,android,0.03307278026243335
samsung sm-a325f,android,0.03301234269444109
samsung sm-a315g,android,0.03300562740910861
ulefone note 11p,android,0.03299891212377614
google kukui,android,0.03299219683844366
xiaomi 2310fpca4g,android,0.03298548155311119
amazon kftrpwi,android,0.03293847455578387
lenovo tb328fu,android,0.032925043985118925
xiaomi mi 9 se,android,0.03290489812912151
samsung sm-a415f,android,0.032871321702459134
asus zenfone 4,android,0.032851175846461717
incar t60,android,0.03283102999046429
samsung sm-x205,android,0.03277730770780451
alldocube iplay_30,android,0.03276387713713956
lenovo tb328xu,android,0.03264300200115503
motorola moto g23,android,0.03262285614515761
samsung galaxy tab s2 9.7 (sm-t813),android,0.032616140859825136
motorola one vision,android,0.03259599500382771
huawei mar-lx1b,android,0.0325489880065004
xiaomi 22011119uy,android,0.03254227272116792
incar kingpad_m10,android,0.032515411579838026
realme rmx3760,android,0.03250198100917308
hmd global nokia 8.1,android,0.032454974011845765
samsung sm-m307fn,android,0.03242811287051587
xiaomi 220333qbi,android,0.0323676753025236
reeder s19 max pro s,android,0.03234081416119371
samsung sm-a515u1,android,0.032287091878533916
samsung sm-p610,android,0.03227366130786897
intel core i5-5200u @ 2.20ghz,laptop,0.0322400848812066
huawei jsn-l42,android,0.03216621674254939
chuwi hipad plus,android,0.031884174758585494
tecno ki7,android,0.03187074418792055
motorola moto g14,android,0.0318573136172556
asus zenfone 5,android,0.03181030661992828
teclast t40hd_eea,android,0.03180359133459581
doogee t20s,android,0.03179016076393086
samsung sm-a145m,android,0.031770014907933436
xiaomi 23053rn02y,android,0.031763299622600966
oppo cph2001,android,0.031763299622600966
oppo cph1819,android,0.03173643848127107
oppo cph1969,android,0.031716292625273645
huawei p9 (various models),android,0.0317028620546087
chuwi hipadx,android,0.0316760009132788
huawei jkm-lx1,android,0.03166928562794633
apple iphone 7,ios,0.03164913977194891
cat s62 pro,android,0.031588702203956646
samsung sm-p615,android,0.03156184106262675
infinix x6831,android,0.0314476812119747
motorola moto e40,android,0.03140067421464738
samsung sm-g715u1,android,0.031320090790657694
realme rmx3263,android,0.031313375505325224
realme rmx2027,android,0.031313375505325224
xiaomi mi max 3,android,0.031306660219992746
raspberry pi 5,android,0.031306660219992746
oppo a91,android,0.03125965322266543
blackview tab 7 pro,android,0.031232792081335534
oppo cph1859,android,0.031071625233356166
cubot note 20 pro,android,0.031064909948023692
vivo v2031,android,0.031038048806693797
alldocube t811,android,0.031011187665363902
sony h3123,android,0.030890312529379373
apple iphone 7 plus,ios,0.030782867964059792
hxy a9 pro,android,0.030735860966732476
asus zenpad z8s,android,0.030702284540070107
motorola moto g(20),android,0.03062170111608042
lge lm-t600,android,0.030574694118753108
motorola revvlry+,android,0.030574694118753108
motorola moto g31(w),android,0.03050754126542837
samsung sm-a515w,android,0.030346374417448998
samsung sm-a505gn,android,0.030346374417448998
samsung sm-a035f,android,0.030326228561451576
sharp shv41,android,0.030326228561451576
google dedede,android,0.03031279799078663
samsung sm-t500,android,0.030272506278791786
asus zenfone max pro m1,android,0.030265790993459312
hmd global nokia 5.4,android,0.030238929852129417
samsung sm-t505,android,0.030178492284137153
vivo 1723,android,0.030151631142807257
cubot c30,android,0.030151631142807257
samsung sm-m307f,android,0.030077763004150045
motorola one,android,0.030064332433485098
huawei aqm-lx1,android,0.030057617148152624
huawei jkm-lx2,android,0.03003075600682273
samsung sm-a9000,android,0.02996360315349799
samsung sm-s515dl,android,0.02992331144150315
samsung galaxy tab s2 8.0 (sm-t713),android,0.02992331144150315
hmd global nokia 7.1,android,0.029876304444175834
huawei ppa-lx2,android,0.029809151590851096
xiaomi redmi note 6 pro,android,0.0297822904495212
xiaomi 220333qag,android,0.029735283452193884
sharp 605sh,android,0.029721852881528937
samsung sm-a505w,android,0.029715137596196463
alldocube x_game,android,0.02970842231086399
samsung sm-m215f,android,0.029634554172206777
hmd global nokia 5.3,android,0.029634554172206777
oukitel wp23 pro,android,0.029607693030876882
samsung sm-c900f,android,0.029594262460211934
hmd global nokia 6.1 plus,android,0.029580831889546987
motorola moto g(9) power,android,0.02956740131888204
samsung sm-m205m,android,0.02955397074821709
samsung sm-a047f,android,0.0295002484655573
samsung sm-m317f,android,0.0295002484655573
samsung sm-f415f,android,0.029486817894892353
sony xperia 10 ii,android,0.02946667203889493
samsung sm-a530w,android,0.02942638032690009
motorola moto e13,android,0.029419665041567615
hmd global nokia t20,android,0.02939280390023772
tcl t775h,android,0.029386088614905246
clover c302u,android,0.029379373329572772
teclast p40hd_row,android,0.02935922747357535
vivo v2036,android,0.02935922747357535
lemobile x52x,android,0.029312220476248037
lenovo tb-x704f,android,0.029285359334918142
samsung sm-a515f,android,0.02927864404958567
vsmart joy 4,android,0.029271928764253195
xiaomi redmi note 8t,android,0.029204775910928456
itel s665l,android,0.02919134534026351
samsung sm-a530f,android,0.029184630054931035
samsung sm-a307g,android,0.02917791476959856
yulong revvlplus c3701a,android,0.029171199484266087
apple ipad air 2 (wifi),ios,0.02915776891360114
asus zenfone 3,android,0.029130907772271245
xiaomi mi max 2,android,0.029130907772271245
asus asus_z012dc,android,0.02912419248693877
google jacuzzi,android,0.0290906160602764
samsung sm-a035m,android,0.029063754918946506
huawei mar-lx2,android,0.02905032434828156
oppo cph1911,android,0.029023463206951663
hmd global nokia g21,android,0.028996602065621768
incar hipad xpro,android,0.028942879782961978
motorola moto g(7) plus,android,0.02889587278563466
realme rmx2030,android,0.028882442214969713
vivo v2249,android,0.02887572692963724
apple ipad air 2 (cellular),ios,0.028848865788307344
xiaomi mi a1,android,0.028828719932309923
motorola moto g(9) play,android,0.02876828236431766
tcl 9296q,android,0.02876828236431766
droi f2,android,0.028761567078985185
motorola moto g power (2021),android,0.028727990652322816
doogee s61pro,android,0.028694414225660447
xiaomi redmi note 5,android,0.02866083779899808
motorola moto e32,android,0.028654122513665607
lenovo yoga tab 3 plus lte,android,0.028647407228333133
doogee t10,android,0.028633976657668186
lenovo tb-j606l,android,0.028633976657668186
samsung sm-m127f,android,0.028633976657668186
xiaomi mi a3,android,0.028459379239023867
google pixel xl,android,0.028459379239023867
samsung sm-a145f,android,0.028425802812361498
incar kingpad_k10,android,0.02841237224169655
qualcomm msm8953 for arm64,android,0.028405656956364076
motorola moto g(8),android,0.028405656956364076
motorola moto g stylus,android,0.028398941671031602
samsung sm-t307u,android,0.028385511100366655
blackview tab 80,android,0.02837879581503418
motorola moto g(30),android,0.02837879581503418
google rammus,android,0.028365365244369233
vivo 1920,android,0.028365365244369233
unknown,android,0.028351934673704286
samsung sm-g715fn,android,0.028331788817706864
apple ipad pro 9.7 (cellular),ios,0.028331788817706864
realme rmx1911,android,0.028284781820379547
samsung sm-p205,android,0.0282713512497146
samsung galaxy note 5 (various models),android,0.028244490108384705
samsung sm-m315f,android,0.02821762896705481
tcl t770b,android,0.028210913681722335
apple ipad 5 (wifi),ios,0.02818405254039244
samsung sm-a515u,android,0.02816390668439502
samsung sm-g525f,android,0.02815047611373007
samsung sm-g398fn,android,0.02815047611373007
samsung sm-a750gn,android,0.02813033025773265
motorola moto g power (xt2041dl),android,0.02809675383107028
xiaomi mi a2,android,0.02807660797507286
hmd global nokia g11,android,0.028049746833742967
apple ipad pro 9.7 (wifi),ios,0.028049746833742967
samsung sm-a750fn,android,0.028043031548410494
motorola moto g(6) plus,android,0.0280161704070806
google pixelbook,android,0.0280161704070806
xiaomi m2010j19sg,android,0.027975878695085755
xiaomi 2201117ty,android,0.02796916340975328
xiaomi redmi 5 plus,android,0.027962448124420808
incar m40 plus_eea,android,0.027935586983090913
blackview bv8000pro,android,0.027908725841761017
apple ipad 5 (cellular),ios,0.0278617188444337
motorola moto g(8) plus,android,0.027794565991108963
huawei nova (various models),android,0.02778785070577649
tcl 5062z,android,0.027781135420444015
vivo v2028,android,0.027781135420444015
vivo v2022,android,0.02775427427911412
samsung sm-a305g,android,0.027747558993781646
samsung sm-a127m,android,0.027740843708449172
lenovo tb-j606f,android,0.027740843708449172
xiaomi 2201117tl,android,0.027734128423116698
motorola moto x4,android,0.027727413137784224
samsung sm-a507fn,android,0.027713982567119277
samsung sm-a127f,android,0.027707267281786803
xiaomi mi a2 lite,android,0.02770055199645433
asus asus_a001d,android,0.027693836711121855
xiaomi 2201117tg,android,0.02763339914312959
xiaomi redmi note 4,android,0.027626683857797117
samsung galaxy a50,android,0.027606538001799696
xiaomi redmi note 8,android,0.027606538001799696
oppo a9 2020,android,0.027519239292477536
xiaomi m2010j19cg,android,0.02750580872181259
samsung sm-a205u,android,0.02750580872181259
xiaomi mi max,android,0.027499093436480115
honor ntn-lx1,android,0.027418510012490432
xiaomi m2010j19sy,android,0.027405079441825485
lge lg-h870ds,android,0.027405079441825485
xiaomi m2010j19si,android,0.027384933585828063
motorola moto g power,android,0.027358072444498168
samsung sm-a307gt,android,0.02734464187383322
google zork,android,0.027337926588500747
motorola moto z3 play,android,0.027331211303168273
samsung sm-a217f,android,0.0273244960178358
sony i4113,android,0.0273244960178358
bq aquaris x pro,android,0.027304350161838378
apple ipad pro 12.9 (wifi),ios,0.02725734316451106
samsung sm-a520w,android,0.02712975274319406
samsung sm-a305gt,android,0.02708274574586674
samsung sm-a405fn,android,0.027069315175201794
samsung sm-a307fn,android,0.02702902346320695
motorola moto g fast,android,0.02702902346320695
xiaomi 22120rn86g,android,0.027022308177874477
samsung sm-m205f,android,0.027015592892542004
oppo cph1607,android,0.02700887760720953
lge g6 (various models),android,0.02697530118054716
samsung sm-s127dl,android,0.026948440039217265
samsung sm-a750f,android,0.026928294183219844
xiaomi redmi 4,android,0.026894717756557475
apple ipad pro 12.9 (cellular),ios,0.026861141329895106
hmd global nokia 5.1 plus,android,0.02681413433256779
newland x800,android,0.026807419047235315
samsung sm-a520f,android,0.026787273191237897
lge lm-q850,android,0.02675369676457553
motorola moto g(7) supra,android,0.026746981479243054
samsung sm-a217m,android,0.026713405052580685
samsung sm-a307gn,android,0.026699974481915738
xiaomi m2010j19sl,android,0.026679828625918316
samsung sm-s205dl,android,0.02666639805525337
oppo cph2099,android,0.026632821628591
xiaomi redmi note 5 pro,android,0.026632821628591
motorola moto g(10),android,0.02656566877526626
motorola moto e(7) plus,android,0.026532092348603892
motorola moto g power (2022),android,0.026478370065944102
motorola moto g play (xt2093dl),android,0.026464939495279154
vivo v2027,android,0.02643807835394926
huawei lnd-l29,android,0.026337349073962152
samsung sm-a042f,android,0.026330633788629678
hmd global nokia 6.1,android,0.026330633788629678
htc u ultra,android,0.02631720321796473
oppo cph1801,android,0.026310487932632257
oppo cph2059,android,0.026310487932632257
motorola moto g(7) optimo maxx(xt1955dl),android,0.026303772647299783
fairphone fp3,android,0.026303772647299783
samsung sm-a750g,android,0.026290342076634835
motorola moto g(7) power,android,0.026270196220637414
oppo cph2349,android,0.026169466940650307
hmd global nokia 3.4,android,0.026142605799320415
samsung sm-a305f,android,0.026122459943322993
oppo cph1937,android,0.02608216823132815
samsung sm-a125m,android,0.02604859180466578
samsung sm-t505n,android,0.026041876519333308
samsung sm-m305f,android,0.026035161234000834
cubot p60,android,0.025988154236673517
motorola moto g22,android,0.025914286098016305
sprd ums512_1h10_natv,android,0.02590757081268383
oppo cph2067,android,0.025873994386021462
oukitel c21,android,0.02586727910068899
huawei ane-lx3,android,0.02586727910068899
oppo cph2239,android,0.02585384853002404
lenovo tb-8506f,android,0.02583370267402662
tcl t671e,android,0.025806841532696724
apple ipod touch g7,ios,0.025806841532696724
realme rmx2180,android,0.025786695676699303
kyocera e6910,android,0.02577998039136683
vivo 1935,android,0.025773265106034355
motorola moto g play (2021),android,0.02574640396470446
samsung sm-a207m,android,0.025732973394039512
apple iphone se,ios,0.025706112252709617
oppo cph1931,android,0.025685966396712195
cat s52,android,0.02567925111137972
apple iphone 6s,ios,0.02562552882871993
logicom le_connect,android,0.02560538297272251
huawei ags2-w09,android,0.025578521831392614
oppo cph2095,android,0.02555166069006272
xiaomi redmi 7,android,0.025491223122070458
hmd global nokia 6.2,android,0.025484507836737984
xiaomi 2201117ti,android,0.025464361980740563
xiaomi redmi 8,android,0.02544421612474314
vivo v2029,android,0.025417354983413246
apple iphone 6s plus,ios,0.02537034798608593
oppo cph2069,android,0.025363632700753456
oppo cph2269,android,0.025350202130088508
oneplus be2013,android,0.02530319513276119
oppo cph2013,android,0.02526290342076635
lenovo k8 plus,android,0.02526290342076635
asus zenfone max m2,android,0.025202465852774084
cubot quest,android,0.025155458855446768
oppo cph2061,android,0.025095021287454503
lenovo tb-x306x,android,0.025074875431457082
blackview bv6600pro,android,0.025014437863464817
motorola moto g(8) power,android,0.02498086143680245
oneplus be2011,android,0.024954000295472553
xiaomi m2010j19ci,android,0.024954000295472553
samsung sm-a215u,android,0.02494728501014008
lge lm-q630,android,0.02494728501014008
samsung sm-a207f,android,0.024940569724807606
samsung sm-a042m,android,0.024927139154142658
oppo cph2219,android,0.024920423868810184
lenovo tb-x306f,android,0.02491370858347771
samsung sm-a202f,android,0.024906993298145236
blackview a80pro,android,0.024866701586150397
samsung sm-m127g,android,0.024859986300817923
huawei lld-al20,android,0.024846555730152976
hmd global nokia 4.2,android,0.024833125159488028
lge lg-h873,android,0.02481969458882308
motorola moto g(7),android,0.02479954873282566
huawei ane-lx1,android,0.02478611816216071
samsung sm-s215dl,android,0.02474582645016587
realme rmx2185,android,0.024705534738171026
oneplus 3 (a3000),android,0.024671958311508656
oppo cph2135,android,0.024651812455511235
samsung sm-a205g,android,0.024631666599513814
infinix x6835b,android,0.02462495131418134
lenovo yt-x705f,android,0.024611520743516392
huawei bah2-w19,android,0.024598090172851445
lenovo l19111,android,0.02453765260485918
samsung sm-a125u,android,0.02450407617819681
oppo cph2127,android,0.02450407617819681
huawei bah2-l09,android,0.024463784466201968
lenovo yt-x703f,android,0.024443638610204547
motorola moto e22,android,0.02441677746887465
oppo cph2325,android,0.024369770471547335
realme rmx1821,android,0.02436305518621486
oneplus be2015,android,0.02436305518621486
android 001,android,0.02434290933021744
hmd global nokia g20,android,0.024329478759552492
huawei lld-l31,android,0.02428918704755765
vivo v2111,android,0.02426904119156023
kruger_matz km1069,android,0.02426904119156023
samsung sm-a045f,android,0.024228749479565388
vivo v2043_21,android,0.024222034194232914
oppo cph2083,android,0.02416159662624065
amazon kfrawi,android,0.024154881340908176
vivo v2043,android,0.02410787434358086
sony f5321,android,0.023953422780933962
lge lgl722dl,android,0.023953422780933962
lenovo tb-x606f,android,0.023946707495601488
realme rmx1825,android,0.02393327692493654
samsung sm-a720f,android,0.023872839356944276
samsung sm-a205w,android,0.023866124071611802
samsung sm-a125f,android,0.023866124071611802
oppo cph2185,android,0.023839262930281907
huawei rne-l22,android,0.02377211007695717
huawei fig-lx1,android,0.023751964220959747
lenovo tb-x606x,android,0.023745248935627274
samsung sm-a205f,android,0.023745248935627274
sony f5121,android,0.02368481136763501
xiaomi redmi 6 pro,android,0.023657950226305114
vivo v2026,android,0.023631089084975222
huawei ags2-l09,android,0.023604227943645327
realme rmx2195,android,0.023563936231650484
hxy mp05,android,0.02355722094631801
huawei gra-l09,android,0.02353707509032059
huawei dub-lx3,android,0.023530359804988115
oppo cph1729,android,0.023496783378325746
motorola one power,android,0.023496783378325746
zte blade a54,android,0.02344977638099843
motorola moto g(10) power,android,0.02343634581033348
vivo v2023,android,0.023375908242341217
doogee mix,android,0.02334233181567885
samsung sm-a037w,android,0.02334233181567885
oppo cph1933,android,0.023302040103684005
realme rmx2103,android,0.023268463677021636
oppo cph1723,android,0.02324160253569174
motorola moto z (xt1650),android,0.023228171965026793
vivo v2149,android,0.02322145667969432
sony e6653,android,0.023194595538364424
elephone s8,android,0.02313415797037216
tcl 5061k_eea,android,0.023060289831714948
tcl a509dl,android,0.022966275837060318
nvidia shield android tv,android,0.022905838269068054
nvidia switch,android,0.02287897712773816
vivo 1906,android,0.022798393703748473
oppo cph2273,android,0.02277824784775105
huawei rne-l21,android,0.022764817277086104
samsung sm-a037u,android,0.022764817277086104
samsung sm-t227u,android,0.022717810279758787
samsung sm-t225n,android,0.022623796285104154
samsung sm-t220,android,0.022590219858441785
huawei p8 lite,android,0.022516351719784573
higrace oc101,android,0.02240890715446499
blu g5,android,0.022402191869132518
teracube 2e,android,0.02238876129846757
amazon kfrapwi,android,0.02238876129846757
xiaomi redmi 5,android,0.02236190015713768
lge lm-q720,android,0.022355184871805205
huawei bnd-al10,android,0.022341754301140257
onn 100003562,android,0.022321608445142836
samsung sm-a037f,android,0.022321608445142836
oppo cph2179,android,0.022267886162483045
samsung sm-t225,android,0.022247740306485624
motorola moto g(8) power lite,android,0.02218730273849336
realme rmx1831,android,0.02217387216782841
realme rmx2189,android,0.022079858173173778
huawei was-lx1,android,0.022073142887841304
sony xperia l4,android,0.022052997031843883
huawei was-lx1a,android,0.02204628174651141
oppo a31,android,0.022039566461178935
vankyo s30,android,0.021985844178519145
oppo cph1909,android,0.02197912889318667
lenovo tb-8705f,android,0.02195898303718925
realme rmx3201,android,0.021952267751856776
ulefone note 9p,android,0.021932121895859354
mara phones z1,android,0.021844823186537195
vivo 1902,android,0.02176423976254751
oppo cph2271,android,0.021730663335885143
huawei honor 6x (various models),android,0.02161650348523309
oppo a57,android,0.021609788199900615
blu b140dl,android,0.021569496487905772
samsung sm-s134dl,android,0.02144190606658877
wingtech tmrvl4g,android,0.021435190781256296
vivo 1820,android,0.021421760210591348
lge lm-q730,android,0.02133446150126919
hmd global nokia 5,android,0.021240447506614555
tcl 5028d_eea,android,0.021240447506614555
samsung sm-a037m,android,0.02114643351195992
wingtech wtvis01,android,0.021106141799965082
oppo cph1609,android,0.02108599594396766
realme rmx1827,android,0.020951690237318184
samsung galaxy tab s3 9.7 (sm-t820),android,0.02085767624266355
lge lg-h872,android,0.020830815101333656
blackview bv4900pro,android,0.020830815101333656
oppo cph2387,android,0.020548773117369756
wheatek tab 10,android,0.020535342546704808
xiaomi redmi note 3,android,0.020535342546704808
rockchip rk3399-mid,android,0.020535342546704808
onn 100003561,android,0.020515196690707387
teclast p80x_eea,android,0.020508481405374913
cubot x19,android,0.020474904978712547
teclast p20hd_eea,android,0.020401036840055335
rockchip ks-m333,android,0.02025330056274091
oukitel wp5 pro,android,0.02016600185341875
ulefone note 12p,android,0.020152571282753804
blackview tab8,android,0.020105564285426487
samsung galaxy s7 edge duos,android,0.020065272573431644
xiaomi redmi 3s,android,0.020065272573431644
umidigi a7 pro,android,0.020045126717434223
vivo 1904,android,0.0198973904401198
zte k88,android,0.0198973904401198
kyocera kyt32,android,0.019870529298789904
hmd global nokia 6 (various models),android,0.01985709872812496
rockchip neo_x39,android,0.019729508306807957
oppo cph1701,android,0.019722793021475483
ulefone armor x8,android,0.019669070738815693
chinoe bv6600e,android,0.01966235545348322
umidigi a5_pro,android,0.019642209597485798
oppo cph1923,android,0.01957505674416106
fortunapix onelerndb010,android,0.019494473320171374
realme rmx1941,android,0.019447466322844057
lge g5 (various models),android,0.01940045932551674
lge v10 (various models),android,0.019279584189532212
sprd s9863a1h10_natv,android,0.019232577192204895
asus asus_x018d,android,0.01916542433888016
xiaomi redmi 4x,android,0.01911170205622037
getac zx10,android,0.019104986770887896
samsung galaxy s7 active (various models),android,0.019104986770887896
leeco lex820,android,0.01909155620022295
zte z982,android,0.019078125629558
samsung sm-t825,android,0.019071410344225527
huawei kiw-l21,android,0.01902440334689821
google octopus,android,0.019010972776233263
oppo a1601,android,0.019010972776233263
lge lgm-g600l,android,0.018997542205568315
hmd global nokia c32,android,0.018943819922908525
lge g4 (various models),android,0.01891695878157863
skyworth mep2q421g,android,0.018715500221604415
huawei bah-w09,android,0.018695354365606993
vivo 1901,android,0.018554333373625047
toscido t26-eea,android,0.01852747223229515
zte z981,android,0.018500611090965256
oppo cph1803,android,0.01811783982701425
apple ipad mini 4 (cellular),ios,0.01795667297903488
blackview tab 6,android,0.01788280484037767
lge lg-f800s,android,0.017694776851068402
vivo 1601,android,0.01760076285641377
huawei ldn-l21,android,0.017540325288421504
htc 10 (various models),android,0.01750003357642666
apple ipad mini 4 (wifi),ios,0.017439596008434397
lge v20 (various models),android,0.01737244315510966
rockchip rk3399-all,android,0.017258283304457608
pad_6_pro,android,0.017150838739138027
oppo rmx1805,android,0.017144123453805553
sony f8131,android,0.017144123453805553
google mediatek mt8173 chromebook,android,0.017130692883140605
motorola moto e(6) plus,android,0.017117262312475658
sony f8331,android,0.016882227325839074
lge nexus 5x,android,0.016882227325839074
google acer chromebook r13 (cb5-312t),android,0.016727775763192176
multilaser u10,android,0.016627046483205073
lenovo a6020a40,android,0.016506171347220544
alps r8,android,0.016492740776555596
gertec t1,android,0.0164658796352257
xiaomi 220333qpg,android,0.01641215735256591
incar sprd_android11,android,0.0163382892139087
asus asus_x00pd,android,0.016257705789919013
siragon sp-6200,android,0.0161838376512618
alps df10,android,0.015532454974011846
lenovo tb-x505l,android,0.015418295123359791
lenovo tb-x505x,android,0.015384718696697422
joyar 100011886,android,0.01514968371006084
htc one m9,android,0.01504223914474126
lenovo yt3-x90f,android,0.014975086291416521
xiaomi mi 5,android,0.014961655720751576
lenovo tb-x505f,android,0.014834065299434573
asus asus_x00rd,android,0.014612460883462939
aocwei x700_eea,android,0.014592315027465518
xiaomi mi note 2,android,0.014531877459473253
blu m8l plus,android,0.014518446888808306
motorola moto e(7) power,android,0.014209543763514512
htc nexus 9,android,0.014095383912862457
positivo t810,android,0.014075238056865036
huawei ldn-tl10,android,0.013994654632875352
samsung galaxy tab a 8.0 (2019),android,0.013927501779550613
lenovo tab 2 a10-70f,android,0.013699182078246505
xiaomi redmi 7a,android,0.013605168083591872
multilaser m8_4g,android,0.013578306942261977
lenovo tb-8505f,android,0.013538015230267134
oneplus one (a0001),android,0.01347757766227487
rockchip rk3399-android10,android,0.013450716520944974
lenovo tb-8505fs,android,0.01337013309695529
xiaomi redmi note 5a,android,0.013289549672965605
blackberry stv100-1,android,0.013276119102300657
blackview bv4900,android,0.013168674536981076
samsung sm-t295,android,0.012799333843695018
xiaomi redmi s2,android,0.01276575741703265
awow creapad_1005,android,0.012665028137045543
oukitel wp5,android,0.012604590569053279
incar k11,android,0.01251729185973112
alps aiot8365p4_64_bsp,android,0.012080798313120325
motorola moto e6s,android,0.011973353747800744
rockchip px5,android,0.01185919389714869
rockchip h96_max_rk3566,android,0.011375693353210578
vivo 1724,android,0.01136226278254563
huawei kob-l09,android,0.011328686355883261
huawei tit-l01,android,0.011301825214553366
blu m8l,android,0.011100366654579153
lenovo tb3-x70f,android,0.010992922089259572
xiaomi redmi 4a,android,0.010825039955947729
lenovo tb-8505x,android,0.010818324670615255
hmd global nokia 2.2,android,0.010764602387955464
umx u693cl,android,0.010475845118659092
huawei atu-l31,android,0.01045569926266167
huawei atu-l21,android,0.010341539412009616
lenovo tb-x304f,android,0.01031467827067972
huawei ags-l03,android,0.010301247700014773
google grunt,android,0.010207233705360141
xiaomi redmi 5a,android,0.010166941993365299
motorola moto e(7),android,0.009952052862726136
blackview bv6000s,android,0.009945337577393663
huawei ags-w09,android,0.009938622292061189
huawei ags-l09,android,0.009737163732086976
maxwest nitro 8,android,0.00952898988678029
google intel apollo lake chromebook,android,0.009508844030782868
vortex hd65_ultra,android,0.009434975892125656
samsung sm-a136w,android,0.009394684180130813
samsung sm-a136b,android,0.009381253609465866
huawei ale-l21,android,0.008884322494862807
lenovo tb-7304f,android,0.008790308500208174
samsung sm-a136u,android,0.008548558228239118
google coral,android,0.008494835945579328
hmd global nokia 3,android,0.008461259518916959
samsung sm-s136dl,android,0.008441113662919537
samsung sm-a136u1,android,0.008373960809594799
motorola moto g (5) plus,android,0.008138925822958217
lenovo tb-8304f1,android,0.008004620116308743
raspberry pi 4,android,0.007957613118981426
teclast p80_eea,android,0.007816592126999476
alps s23 ultra,android,0.007608418281692789
lenovo tb3-730x,android,0.007534550143035577
motorola moto g play - 2023,android,0.007259223444404153
motorola moto g(7) play,android,0.00716520944974952
samsung sm-j600fn,android,0.007145063593752099
motorola moto g(8) play,android,0.00702418845776757
xiaomi m2006c3li,android,0.00700404260177015
samsung sm-a137f,android,0.006910028607115516
asus zenfone 2,android,0.006869736895120673
samsung sm-p585,android,0.0068630216097881995
asus p01ma,android,0.006829445183125831
nuu n4l,android,0.006695139476476356
realme rmx3581,android,0.006627986623151618
samsung sm-a135f,android,0.0066011254818217225
amazon kfmawi,android,0.0064533892045072995
xiaomi 23028rn4dg,android,0.0062250695032031915
samsung sm-a105fn,android,0.006164631935210927
motorola moto g(6),android,0.006077333225888768
xiaomi 23028rncag,android,0.006037041513893926
motorola moto z2 play,android,0.005687846676605289
perseos fivestars-pegasus,android,0.0056005479672831295
motorola moto e (xt2052dl),android,0.0055938326819506565
motorola moto e20,android,0.005566971540620761
motorola moto g (5s) plus,android,0.005526679828625918
"google acer chromebook r11 (cb5-132t, c738t)",android,0.005506533972628497
xiaomi m2006c3mg,android,0.005378943551311495
xiaomi 211033mi,android,0.005305075412654283
samsung galaxy tab a 10.1 (2019),android,0.0052580684153269676
motorola moto e,android,0.0052580684153269676
xiaomi redmi y2,android,0.005231207273997072
samsung sm-m015g,android,0.005231207273997072
lenovo p1050x,android,0.005177484991337282
samsung sm-a320fl,android,0.005103616852680071
samsung sm-n915s,android,0.005090186282015123
xiaomi m2006c3mng,android,0.00504989457002028
motorola moto z play (various models),android,0.004935734719368226
samsung sm-t815,android,0.004922304148703279
motorola moto g (5),android,0.004781283156721329
samsung sm-j710mn,android,0.00474770673005896
motorola moto g pure,android,0.004673838591401748
xiaomi m2006c3lii,android,0.0046671233060692745
samsung sm-a605g,android,0.004653692735404327
huawei kob2-w09,android,0.004646977450071854
xiaomi m2006c3mii,android,0.004633546879406906
samsung sm-a115m,android,0.004620116308741959
xiaomi m2006c3mi,android,0.004566394026082168
samsung sm-a025f,android,0.004546248170084747
samsung galaxy tab a 10.5 (2018),android,0.004526102314087325
samsung galaxy tab a 10.1 (2016),android,0.004526102314087325
samsung sm-t810,android,0.004492525887424956
samsung sm-a605gn,android,0.0044790953167600095
samsung sm-a107m,android,0.0044790953167600095
xiaomi m2006c3lg,android,0.00439179660743785
samsung sm-j810m,android,0.00439179660743785
samsung sm-a115f,android,0.0043716507514404285
samsung sm-s111dl,android,0.004364935466107955
samsung sm-m115f,android,0.004351504895443007
hmd global nokia 2.4,android,0.004324643754113113
samsung galaxy note 4 (various models),android,0.004317928468780639
multilaser m8-4g,android,0.004311213183448165
samsung sm-a605fn,android,0.004304497898115691
samsung sm-j730f,android,0.004277636756785796
samsung sm-m135fu,android,0.004270921471453322
samsung sm-a105g,android,0.004244060330123427
samsung sm-j600gt,android,0.004217199188793532
lge lm-k410,android,0.004210483903461058
lge lg-h840,android,0.00419705333279611
lge lm-x430,android,0.00419705333279611
lge lgl355dl,android,0.004190338047463636
xiaomi redmi 6,android,0.004190338047463636
samsung sm-a115a,android,0.004190338047463636
samsung sm-s102dl,android,0.004190338047463636
lge lm-k300,android,0.004190338047463636
samsung sm-a605f,android,0.004129900479471373
samsung galaxy note 4 (sm-n910c),android,0.004129900479471373
lge lm-q710(fgn),android,0.004123185194138899
samsung sm-a105f,android,0.004116469908806425
xiaomi m2006c3lvg,android,0.004116469908806425
lge lm-k420,android,0.0041097546234739515
samsung sm-a025u,android,0.004096324052809004
alps yt5760b,android,0.004082893482144056
samsung sm-j701f,android,0.004062747626146635
samsung sm-s124dl,android,0.0040358864848167395
xiaomi redmi 8a,android,0.003941872490162107
samsung sm-a115u,android,0.003935157204829633
samsung sm-a107f,android,0.003928441919497159
samsung sm-a015f,android,0.003915011348832212
samsung sm-t710,android,0.0038612890661724217
samsung sm-a102u,android,0.003847858495507474
samsung sm-a015m,android,0.0038142820688451054
samsung sm-m025f,android,0.0037471292155203673
hmd global nokia c01 plus,android,0.003740413930187894
samsung sm-a510f,android,0.0037135527888579986
samsung sm-g615f,android,0.003706837503525525
motorola moto e(7i) power,android,0.003706837503525525
samsung sm-a600fn,android,0.0036531152208657347
xiaomi 220233l2g,android,0.0036531152208657347
realme rmx3231,android,0.0036329693648683133
samsung sm-j730g,android,0.003612823508870892
samsung sm-g610m,android,0.003612823508870892
zte blade a31ru,android,0.003585962367540997
samsung sm-m105f,android,0.003552385940878628
samsung sm-g903f,android,0.0035053789435513117
motorola moto g(6) play,android,0.003498663658218838
samsung sm-a032f,android,0.003465087231556469
lge lm-q710.fg,android,0.003458371946223995
lge lm-x420,android,0.0034382260902265736
nvidia shield tablet k1,android,0.0034315108048940998
lge lm-k500,android,0.0034113649488966787
xiaomi redmi 8a dual,android,0.003397934378231731
samsung sm-j727t1,android,0.0033777885222343097
google fire,android,0.0033374968102394672
samsung sm-j530f,android,0.0033374968102394672
samsung sm-g610f,android,0.003317350954242046
samsung sm-a510m,android,0.003310635668909572
samsung sm-m105m,android,0.003256913386249782
samsung sm-j600g,android,0.0032434828155848343
samsung sm-j710f,android,0.0032367675302523605
samsung sm-a032m,android,0.0030487395409430945
nvidia shield tablet,android,0.0030420242556106207
welcome i14 pro max,android,0.003035308970278147
motorola moto e5 plus,android,0.0028741421222987767
motorola moto e6,android,0.002867426836966303
motorola moto g (5s),android,0.002726405844984353
motorola moto e6 (xt2005dl),android,0.002706259988986932
samsung sm-g903w,android,0.0026525377063271417
samsung sm-g900v,android,0.002585384853002404
motorola moto g (4),android,0.0025719542823374564
sony xperia z2 tablet (various models),android,0.0025518084263400354
huawei amn-lx9,android,0.00247122500235035
google dell chromebook 11 (3180),android,0.002437648575687981
samsung sm-g900w8,android,0.0024107874343580857
blu b131dl,android,0.0023637804370307694
sony d6503,android,0.0023302040103684004
lge lg-m700,android,0.0023100581543709794
tox tox1,android,0.0022764817277086103
samsung galaxy note 3 (sm-n9005),android,0.0022630511570436627
tox3 tox3_plus,android,0.002189183018386451
samsung galaxy note pro 12.2 (sm-p900),android,0.0021824677330539773
lge lg-m250,android,0.0021824677330539773
samsung galaxy note 10.1 2014 edition (sm-p600),android,0.0021690371623890297
samsung galaxy tab s 8.4 (sm-t700),android,0.002108599594396766
samsung galaxy tab s 10.5 (sm-t800),android,0.0020347314557395543
samsung sm-t705,android,0.0019205716050875001
google asus chromebook flip c100pa,android,0.0019004257490900789
motorola moto x play,android,0.0018198423251003936
samsung sm-g900f,android,0.0017996964691029721
lge lg-d851,android,0.0017996964691029721
amazon kfonwi,android,0.0017929811837704985
blu b130dl,android,0.0017862658984380247
samsung sm-n910f,android,0.0017795506131055509
motorola nexus 6,android,0.0017661200424406033
samsung galaxy tab s 10.5 (sm-t805),android,0.0017594047571081294
samsung galaxy note 10.1 2014 (sm-p605),android,0.0017392589011107082
droidlogic a95xf4,android,0.001685536618450918
tox3,android,0.0015848073384638114
huawei mrd-lx1,android,0.0015243697704715473
huawei ksa-lx9,android,0.0013632029224921766
rockchip rk3288,android,0.0013363417811622816
hmd global nokia 2.3,android,0.0013161959251648603
zte z5157v,android,0.0013094806398323865
zte z6201v,android,0.0013094806398323865
lge lg-d855,android,0.001296050069167439
xiaomi redmi 6a,android,0.001289334783834965
huawei mrd-lx2,android,0.001289334783834965
samsung galaxy s4 (various models),android,0.00126247364250507
pritom p7,android,0.0012423277865076486
samsung sm-g390f,android,0.0012154666451777536
asus nexus 7,android,0.001141598506520542
amlogic h96 max x3,android,0.0010408692265334355
samsung galaxy tab a 8.0 (2018),android,0.0010408692265334355
zte blade a3 2020,android,0.0010274386558684879
samsung sm-j510mn,android,0.0009468552318788025
motorola moto e (4),android,0.0008662718078891172
samsung-sm-n910a,android,0.0007386813865721155
samsung sm-a310f,android,0.0007051049599097465
itel l6502,android,0.0006849591039123252
positivo twist tab,android,0.0006782438185798515
lge lgus375,android,0.0006513826772499564
amazon kfkawi,android,0.0006446673919174825
samsung sm-j610fn,android,0.0006446673919174825
motorola moto e6 play,android,0.0006178062505875875
lge lgl322dl,android,0.0006178062505875875
samsung sm-m022g,android,0.0005909451092576924
motorola motog3,android,0.0005640839679277972
samsung sm-a022m,android,0.0005640839679277972
samsung sm-j330f,android,0.0005439381119303759
samsung sm-a013g,android,0.0005372228265979022
google mbox,android,0.0005237922559329545
motorola moto g play,android,0.00048350054393811193
samsung sm-s260dl,android,0.0004767852586056382
samsung galaxy tab a 8.0 (2017),android,0.0004767852586056382
samsung sm-j400f,android,0.00044992411727574303
magnumtech mg715,android,0.00044320883194326927
lge vs501,android,0.0004297782612783217
samsung sm-t560nu,android,0.0004297782612783217
samsung sm-j330fn,android,0.00040963240528090036
samsung galaxy tab a 8.0 (2015),android,0.0004029171199484266
motorola moto e (4) plus,android,0.0003491948372886364
lenovo tb-x103f,android,0.0003290489812912151
samsung sm-j250f,android,0.00030890312529379375
zte k87ca,android,0.0002887572692963724
samsung sm-m013f,android,0.0002820419839638986
qlink scepter 8 tablet,android,0.0002820419839638986
samsung sm-a022f,android,0.0002686114132989511
samsung sm-g600fy,android,0.00024175027196905597
samsung sm-j415fn,android,0.00024175027196905597
samsung sm-j610g,android,0.0002081738453066871
dexp a440,android,0.00019474327464173951
samsung sm-j510fn,android,0.00018131270397679197
samsung galaxy tab a 9.7 (2015),android,0.0001745974186443182
lge lm-x210,android,4.700699732731644e-05
positivo twist 4 fit,android,4.700699732731644e-05
alps s22+ ultra,android,4.029171199484266e-05
samsung sm-a013m,android,0.0
